"country","commodity","year","quantity_tonnes","flag_qty","value_usd1000","flag_val"
"Chile","Atlantic and Danube salmons, fresh or chilled",1976,0,"...",0,"..."
"Chile","Atlantic and Danube salmons, fresh or chilled",1977,0,"...",0,"..."
"Chile","Atlantic and Danube salmons, fresh or chilled",1978,0,"...",0,"..."
"Chile","Atlantic and Danube salmons, fresh or chilled",1979,0,"...",0,"..."
"Chile","Atlantic and Danube salmons, fresh or chilled",1980,0,"...",0,"..."
"Chile","Atlantic and Danube salmons, fresh or chilled",1981,0,"...",0,"..."
"Chile","Atlantic and Danube salmons, fresh or chilled",1982,0,"...",0,"..."
"Chile","Atlantic and Danube salmons, fresh or chilled",1983,0,"...",0,"..."
"Chile","Atlantic and Danube salmons, fresh or chilled",1984,0,"...",0,"..."
"Chile","Atlantic and Danube salmons, fresh or chilled",1985,0,"...",0,"..."
"Chile","Atlantic and Danube salmons, fresh or chilled",1986,0,"...",0,"..."
"Chile","Atlantic and Danube salmons, fresh or chilled",1987,123,"",669,""
"Chile","Atlantic and Danube salmons, fresh or chilled",1988,62,"",406,""
"Chile","Atlantic and Danube salmons, fresh or chilled",1989,1387,"",7080,""
"Chile","Atlantic and Danube salmons, fresh or chilled",1990,7444,"",40044,""
"Chile","Atlantic and Danube salmons, fresh or chilled",1991,10904,"",53566,""
"Chile","Atlantic and Danube salmons, fresh or chilled",1992,0,"...",0,"..."
"Chile","Atlantic and Danube salmons, fresh or chilled",1993,0,"...",0,"..."
"Chile","Atlantic and Danube salmons, fresh or chilled",1994,0,"...",0,"..."
"Chile","Atlantic and Danube salmons, fresh or chilled",1995,0,"...",0,"..."
"Chile","Atlantic and Danube salmons, fresh or chilled",1996,0,"...",0,"..."
"Chile","Atlantic and Danube salmons, fresh or chilled",1997,0,"...",0,"..."
"Chile","Atlantic and Danube salmons, fresh or chilled",1998,0,"...",0,"..."
"Chile","Atlantic and Danube salmons, fresh or chilled",1999,0,"...",0,"..."
"Chile","Atlantic and Danube salmons, fresh or chilled",2000,0,"...",0,"..."
"Chile","Atlantic and Danube salmons, fresh or chilled",2001,0,"...",0,"..."
"Chile","Atlantic and Danube salmons, fresh or chilled",2002,14200,"",34568,""
"Chile","Atlantic and Danube salmons, fresh or chilled",2003,12231,"",36165,""
"Chile","Atlantic and Danube salmons, fresh or chilled",2004,15362,"",45774,""
"Chile","Atlantic and Danube salmons, fresh or chilled",2005,15021,"",48377,""
"Chile","Atlantic and Danube salmons, fresh or chilled",2006,14677,"",71306,""
"Chile","Atlantic and Danube salmons, fresh or chilled",2007,19926,"",100535,""
"Chile","Atlantic and Danube salmons, fresh or chilled",2008,32086,"",143308,""
"Chile","Atlantic and Danube salmons, fresh or chilled",2009,27772,"",146047,""
"Chile","Atlantic and Danube salmons, fresh or chilled",2010,28576,"",199617,""
"Chile","Atlantic and Danube salmons, fresh or chilled",2011,39481,"",247801,""
"Chile","Atlantic and Danube salmons, fresh or chilled",2012,55397,"",255060,""
"Chile","Atlantic and Danube salmons, fresh or chilled",2013,67181,"",417942,""
"Chile","Atlantic and Danube salmons, fresh or chilled",2014,86933,"",526031,""
"Chile","Atlantic and Danube salmons, fresh or chilled",2015,95496,"",475789,""
"Chile","Atlantic and Danube salmons, fresh or chilled",2016,90580,"",603362,""
"Chile","Atlantic and Danube salmons, fresh or chilled",2017,94252,"",669329,""
"Chile","Atlantic and Danube salmons, fresh or chilled",2018,123209,"",844209,""
"Chile","Atlantic and Danube salmons, fresh or chilled",2019,135105.41,"",868983.62,""
"Chile","Atlantic and Danube salmons, fresh or chilled",2020,122054.75,"",537126.83,""
"Chile","Atlantic and Danube salmons, fresh or chilled",2021,125390.65,"",829717.74,""
"Chile","Atlantic and Danube salmons, fresh or chilled",2022,125865.37,"",1025645.78,""
"Chile","Atlantic and Danube salmons, fresh or chilled",2023,142796.29,"",1102020.98,""
"Chile","Atlantic and Danube salmons, fresh or chilled",2024,148165.43,"",1140425.39,""
"Chile","Atlantic salmon and Danube salmon, frozen",1976,0,"...",0,"..."
"Chile","Atlantic salmon and Danube salmon, frozen",1977,0,"...",0,"..."
"Chile","Atlantic salmon and Danube salmon, frozen",1978,0,"...",0,"..."
"Chile","Atlantic salmon and Danube salmon, frozen",1979,0,"...",0,"..."
"Chile","Atlantic salmon and Danube salmon, frozen",1980,0,"...",0,"..."
"Chile","Atlantic salmon and Danube salmon, frozen",1981,0,"...",0,"..."
"Chile","Atlantic salmon and Danube salmon, frozen",1982,0,"...",0,"..."
"Chile","Atlantic salmon and Danube salmon, frozen",1983,0,"...",0,"..."
"Chile","Atlantic salmon and Danube salmon, frozen",1984,0,"...",0,"..."
"Chile","Atlantic salmon and Danube salmon, frozen",1985,0,"...",0,"..."
"Chile","Atlantic salmon and Danube salmon, frozen",1986,0,"...",0,"..."
"Chile","Atlantic salmon and Danube salmon, frozen",1987,0,"...",0,"..."
"Chile","Atlantic salmon and Danube salmon, frozen",1988,0,"...",0,"..."
"Chile","Atlantic salmon and Danube salmon, frozen",1989,97,"",510,""
"Chile","Atlantic salmon and Danube salmon, frozen",1990,909,"",4255,""
"Chile","Atlantic salmon and Danube salmon, frozen",1991,1590,"",7687,""
"Chile","Atlantic salmon and Danube salmon, frozen",1992,3866,"",20545,""
"Chile","Atlantic salmon and Danube salmon, frozen",1993,4458,"",21180,""
"Chile","Atlantic salmon and Danube salmon, frozen",1994,3655,"",14341,""
"Chile","Atlantic salmon and Danube salmon, frozen",1995,3907,"",16957,""
"Chile","Atlantic salmon and Danube salmon, frozen",1996,3335,"",11802,""
"Chile","Atlantic salmon and Danube salmon, frozen",1997,5235,"",16616,""
"Chile","Atlantic salmon and Danube salmon, frozen",1998,3587,"",12357,""
"Chile","Atlantic salmon and Danube salmon, frozen",1999,2634,"",8497,""
"Chile","Atlantic salmon and Danube salmon, frozen",2000,7448,"",25376,""
"Chile","Atlantic salmon and Danube salmon, frozen",2001,13956,"",27877,""
"Chile","Atlantic salmon and Danube salmon, frozen",2002,14020,"",28468,""
"Chile","Atlantic salmon and Danube salmon, frozen",2003,7746,"",22335,""
"Chile","Atlantic salmon and Danube salmon, frozen",2004,19112,"",55984,""
"Chile","Atlantic salmon and Danube salmon, frozen",2005,30811,"",98845,""
"Chile","Atlantic salmon and Danube salmon, frozen",2006,30769,"",143903,""
"Chile","Atlantic salmon and Danube salmon, frozen",2007,21642,"",101845,""
"Chile","Atlantic salmon and Danube salmon, frozen",2008,36071,"",147078,""
"Chile","Atlantic salmon and Danube salmon, frozen",2009,50706,"",171691,""
"Chile","Atlantic salmon and Danube salmon, frozen",2010,14110,"",77897,""
"Chile","Atlantic salmon and Danube salmon, frozen",2011,24660,"",161757,""
"Chile","Atlantic salmon and Danube salmon, frozen",2012,35938,"",167266,""
"Chile","Atlantic salmon and Danube salmon, frozen",2013,68714,"",378007,""
"Chile","Atlantic salmon and Danube salmon, frozen",2014,107413,"",627260,""
"Chile","Atlantic salmon and Danube salmon, frozen",2015,110862,"",497054,""
"Chile","Atlantic salmon and Danube salmon, frozen",2016,98730,"",548278,""
"Chile","Atlantic salmon and Danube salmon, frozen",2017,87724,"",591497,""
"Chile","Atlantic salmon and Danube salmon, frozen",2018,114089,"",709663,""
"Chile","Atlantic salmon and Danube salmon, frozen",2019,103241.77,"",608341.42,""
"Chile","Atlantic salmon and Danube salmon, frozen",2020,125485.89,"",550897.08,""
"Chile","Atlantic salmon and Danube salmon, frozen",2021,88628.22,"",485978.63,""
"Chile","Atlantic salmon and Danube salmon, frozen",2022,89650.95,"",691815.64,""
"Chile","Atlantic salmon and Danube salmon, frozen",2023,88016.22,"",636501.42,""
"Chile","Atlantic salmon and Danube salmon, frozen",2024,66872.44,"",465411.13,""
"Chile","Atlantic salmon, not minced, prepared or preserved",1976,0,"...",0,"..."
"Chile","Atlantic salmon, not minced, prepared or preserved",1977,0,"...",0,"..."
"Chile","Atlantic salmon, not minced, prepared or preserved",1978,0,"...",0,"..."
"Chile","Atlantic salmon, not minced, prepared or preserved",1979,0,"...",0,"..."
"Chile","Atlantic salmon, not minced, prepared or preserved",1980,0,"...",0,"..."
"Chile","Atlantic salmon, not minced, prepared or preserved",1981,0,"...",0,"..."
"Chile","Atlantic salmon, not minced, prepared or preserved",1982,0,"...",0,"..."
"Chile","Atlantic salmon, not minced, prepared or preserved",1983,0,"...",0,"..."
"Chile","Atlantic salmon, not minced, prepared or preserved",1984,0,"...",0,"..."
"Chile","Atlantic salmon, not minced, prepared or preserved",1985,0,"...",0,"..."
"Chile","Atlantic salmon, not minced, prepared or preserved",1986,0,"...",0,"..."
"Chile","Atlantic salmon, not minced, prepared or preserved",1987,0,"...",0,"..."
"Chile","Atlantic salmon, not minced, prepared or preserved",1988,0,"...",0,"..."
"Chile","Atlantic salmon, not minced, prepared or preserved",1989,0,"...",0,"..."
"Chile","Atlantic salmon, not minced, prepared or preserved",1990,32,"",202,""
"Chile","Atlantic salmon, not minced, prepared or preserved",1991,0,"...",1,""
"Chile","Atlantic salmon, not minced, prepared or preserved",1992,0,"...",0,"..."
"Chile","Atlantic salmon, not minced, prepared or preserved",1993,0,"...",0,"..."
"Chile","Atlantic salmon, not minced, prepared or preserved",1994,0,"...",0,"..."
"Chile","Atlantic salmon, not minced, prepared or preserved",1995,0,"...",0,"..."
"Chile","Atlantic salmon, not minced, prepared or preserved",1996,0,"...",0,"..."
"Chile","Atlantic salmon, not minced, prepared or preserved",1997,0,"...",0,"..."
"Chile","Atlantic salmon, not minced, prepared or preserved",1998,320,"",1453,""
"Chile","Atlantic salmon, not minced, prepared or preserved",1999,392,"",2142,""
"Chile","Atlantic salmon, not minced, prepared or preserved",2000,362,"",2825,""
"Chile","Atlantic salmon, not minced, prepared or preserved",2001,0,"...",0,"..."
"Chile","Atlantic salmon, not minced, prepared or preserved",2002,294,"",1150,""
"Chile","Atlantic salmon, not minced, prepared or preserved",2003,0,"...",0,"..."
"Chile","Atlantic salmon, not minced, prepared or preserved",2004,0,"...",0,"..."
"Chile","Atlantic salmon, not minced, prepared or preserved",2005,0,"...",0,"..."
"Chile","Atlantic salmon, not minced, prepared or preserved",2006,0,"...",0,"..."
"Chile","Atlantic salmon, not minced, prepared or preserved",2007,2660,"",17997,""
"Chile","Atlantic salmon, not minced, prepared or preserved",2008,0,"...",0,"..."
"Chile","Atlantic salmon, not minced, prepared or preserved",2009,0,"...",0,"..."
"Chile","Atlantic salmon, not minced, prepared or preserved",2010,0,"...",0,"..."
"Chile","Atlantic salmon, not minced, prepared or preserved",2011,0,"...",0,"..."
"Chile","Atlantic salmon, not minced, prepared or preserved",2012,0,"...",0,"..."
"Chile","Atlantic salmon, not minced, prepared or preserved",2013,0,"...",0,"..."
"Chile","Atlantic salmon, not minced, prepared or preserved",2014,0,"...",0,"..."
"Chile","Atlantic salmon, not minced, prepared or preserved",2015,0,"...",0,"..."
"Chile","Atlantic salmon, not minced, prepared or preserved",2016,0,"...",0,"..."
"Chile","Atlantic salmon, not minced, prepared or preserved",2017,0,"...",0,"..."
"Chile","Atlantic salmon, not minced, prepared or preserved",2018,0,"...",0,"..."
"Chile","Atlantic salmon, not minced, prepared or preserved",2019,0,"...",0,"..."
"Chile","Atlantic salmon, not minced, prepared or preserved",2020,0,"...",0,"..."
"Chile","Atlantic salmon, not minced, prepared or preserved",2021,0,"...",0,"..."
"Chile","Atlantic salmon, not minced, prepared or preserved",2022,0,"...",0,"..."
"Chile","Atlantic salmon, not minced, prepared or preserved",2023,0,"...",0,"..."
"Chile","Atlantic salmon, not minced, prepared or preserved",2024,0,"...",0,"..."
"Chile","Pacific salmons, fresh or chilled",1976,0,"...",0,"..."
"Chile","Pacific salmons, fresh or chilled",1977,0,"...",0,"..."
"Chile","Pacific salmons, fresh or chilled",1978,0,"...",0,"..."
"Chile","Pacific salmons, fresh or chilled",1979,0,"...",0,"..."
"Chile","Pacific salmons, fresh or chilled",1980,0,"...",0,"..."
"Chile","Pacific salmons, fresh or chilled",1981,0,"...",0,"..."
"Chile","Pacific salmons, fresh or chilled",1982,0,"...",0,"..."
"Chile","Pacific salmons, fresh or chilled",1983,0,"...",0,"..."
"Chile","Pacific salmons, fresh or chilled",1984,0,"...",0,"..."
"Chile","Pacific salmons, fresh or chilled",1985,0,"...",0,"..."
"Chile","Pacific salmons, fresh or chilled",1986,305,"",1271,""
"Chile","Pacific salmons, fresh or chilled",1987,995,"",4461,""
"Chile","Pacific salmons, fresh or chilled",1988,1725,"",10004,""
"Chile","Pacific salmons, fresh or chilled",1989,519,"",2590,""
"Chile","Pacific salmons, fresh or chilled",1990,1189,"",5270,""
"Chile","Pacific salmons, fresh or chilled",1991,947,"",4308,""
"Chile","Pacific salmons, fresh or chilled",1992,0,"...",0,"..."
"Chile","Pacific salmons, fresh or chilled",1993,0,"...",0,"..."
"Chile","Pacific salmons, fresh or chilled",1994,0,"...",0,"..."
"Chile","Pacific salmons, fresh or chilled",1995,0,"...",0,"..."
"Chile","Pacific salmons, fresh or chilled",1996,0,"...",0,"..."
"Chile","Pacific salmons, fresh or chilled",1997,0,"...",0,"..."
"Chile","Pacific salmons, fresh or chilled",1998,0,"...",0,"..."
"Chile","Pacific salmons, fresh or chilled",1999,0,"...",0,"..."
"Chile","Pacific salmons, fresh or chilled",2000,0,"...",0,"..."
"Chile","Pacific salmons, fresh or chilled",2001,0,"...",0,"..."
"Chile","Pacific salmons, fresh or chilled",2002,543,"",912,""
"Chile","Pacific salmons, fresh or chilled",2003,71,"",196,""
"Chile","Pacific salmons, fresh or chilled",2004,469,"",1320,""
"Chile","Pacific salmons, fresh or chilled",2005,336,"",999,""
"Chile","Pacific salmons, fresh or chilled",2006,523,"",2079,""
"Chile","Pacific salmons, fresh or chilled",2007,403,"",1630,""
"Chile","Pacific salmons, fresh or chilled",2008,284,"",1120,""
"Chile","Pacific salmons, fresh or chilled",2009,104,"",497,""
"Chile","Pacific salmons, fresh or chilled",2010,474,"",2474,""
"Chile","Pacific salmons, fresh or chilled",2011,193,"",1010,""
"Chile","Pacific salmons, fresh or chilled",2012,434,"",1625,""
"Chile","Pacific salmons, fresh or chilled",2013,217,"",866,""
"Chile","Pacific salmons, fresh or chilled",2014,19,"",170,""
"Chile","Pacific salmons, fresh or chilled",2015,4,"",21,""
"Chile","Pacific salmons, fresh or chilled",2016,1017,"",6522,""
"Chile","Pacific salmons, fresh or chilled",2017,796,"",4933,""
"Chile","Pacific salmons, fresh or chilled",2018,335,"",2186,""
"Chile","Pacific salmons, fresh or chilled",2019,433.35,"",2628.96,""
"Chile","Pacific salmons, fresh or chilled",2020,503.12,"",3057.52,""
"Chile","Pacific salmons, fresh or chilled",2021,1759.44,"",11857.11,""
"Chile","Pacific salmons, fresh or chilled",2022,2051.88,"",14028.71,""
"Chile","Pacific salmons, fresh or chilled",2023,4224.87,"",25504.68,""
"Chile","Pacific salmons, fresh or chilled",2024,3981.26,"",25093.41,""
"Chile","Pacific salmons, frozen, nei",1976,0,"...",0,"..."
"Chile","Pacific salmons, frozen, nei",1977,0,"...",0,"..."
"Chile","Pacific salmons, frozen, nei",1978,0,"N",1,""
"Chile","Pacific salmons, frozen, nei",1979,0,"...",0,"..."
"Chile","Pacific salmons, frozen, nei",1980,1,"",8,""
"Chile","Pacific salmons, frozen, nei",1981,104,"",371,""
"Chile","Pacific salmons, frozen, nei",1982,82,"",242,""
"Chile","Pacific salmons, frozen, nei",1983,53,"",124,""
"Chile","Pacific salmons, frozen, nei",1984,41,"",157,""
"Chile","Pacific salmons, frozen, nei",1985,299,"",1154,""
"Chile","Pacific salmons, frozen, nei",1986,558,"",2301,""
"Chile","Pacific salmons, frozen, nei",1987,96,"",395,""
"Chile","Pacific salmons, frozen, nei",1988,1342,"",8949,""
"Chile","Pacific salmons, frozen, nei",1989,4348,"",28421,""
"Chile","Pacific salmons, frozen, nei",1990,10250,"",46518,""
"Chile","Pacific salmons, frozen, nei",1991,13649,"",67557,""
"Chile","Pacific salmons, frozen, nei",1992,17644,"",103104,""
"Chile","Pacific salmons, frozen, nei",1993,17712,"",84642,""
"Chile","Pacific salmons, frozen, nei",1994,23426,"",97896,""
"Chile","Pacific salmons, frozen, nei",1995,34178,"",168843,""
"Chile","Pacific salmons, frozen, nei",1996,40625,"",136462,""
"Chile","Pacific salmons, frozen, nei",1997,44170,"",159706,""
"Chile","Pacific salmons, frozen, nei",1998,56933,"",151108,""
"Chile","Pacific salmons, frozen, nei",1999,58463,"",264443,""
"Chile","Pacific salmons, frozen, nei",2000,66587,"",246203,""
"Chile","Pacific salmons, frozen, nei",2001,100786,"",232312,""
"Chile","Pacific salmons, frozen, nei",2002,65849,"",147320,""
"Chile","Pacific salmons, frozen, nei",2003,54038,"",177150,""
"Chile","Pacific salmons, frozen, nei",2004,62010,"",183736,""
"Chile","Pacific salmons, frozen, nei",2005,74059,"",263201,""
"Chile","Pacific salmons, frozen, nei",2006,72938,"",269166,""
"Chile","Pacific salmons, frozen, nei",2007,77047,"",271367,""
"Chile","Pacific salmons, frozen, nei",2008,86210,"",293196,""
"Chile","Pacific salmons, frozen, nei",2009,87779,"",410448,""
"Chile","Pacific salmons, frozen, nei",2010,79412,"",402420,""
"Chile","Pacific salmons, frozen, nei",2011,108041,"",608479,""
"Chile","Pacific salmons, frozen, nei",2012,111112,"",517845,""
"Chile","Pacific salmons, frozen, nei",2013,103532,"",438255,""
"Chile","Pacific salmons, frozen, nei",2014,101635,"",596326,""
"Chile","Pacific salmons, frozen, nei",2015,117914,"",536570,""
"Chile","Pacific salmons, frozen, nei",2016,81487,"",449913,""
"Chile","Pacific salmons, frozen, nei",2017,119095,"",635984,""
"Chile","Pacific salmons, frozen, nei",2018,118355,"",760714,""
"Chile","Pacific salmons, frozen, nei",2019,122563.81,"",790829.04,""
"Chile","Pacific salmons, frozen, nei",2020,140273.64,"",646441.19,""
"Chile","Pacific salmons, frozen, nei",2021,121572.05,"",661692.44,""
"Chile","Pacific salmons, frozen, nei",2022,132917.72,"",887266.19,""
"Chile","Pacific salmons, frozen, nei",2023,128565.35,"",794396.64,""
"Chile","Pacific salmons, frozen, nei",2024,148429.64,"",895078.08,""
"Chile","Salmon fillets, dried, salted or in brine",1976,0,"...",0,"..."
"Chile","Salmon fillets, dried, salted or in brine",1977,0,"...",0,"..."
"Chile","Salmon fillets, dried, salted or in brine",1978,0,"...",0,"..."
"Chile","Salmon fillets, dried, salted or in brine",1979,0,"...",0,"..."
"Chile","Salmon fillets, dried, salted or in brine",1980,0,"...",0,"..."
"Chile","Salmon fillets, dried, salted or in brine",1981,0,"...",0,"..."
"Chile","Salmon fillets, dried, salted or in brine",1982,0,"...",0,"..."
"Chile","Salmon fillets, dried, salted or in brine",1983,0,"...",0,"..."
"Chile","Salmon fillets, dried, salted or in brine",1984,0,"...",0,"..."
"Chile","Salmon fillets, dried, salted or in brine",1985,0,"...",0,"..."
"Chile","Salmon fillets, dried, salted or in brine",1986,0,"...",0,"..."
"Chile","Salmon fillets, dried, salted or in brine",1987,0,"...",0,"..."
"Chile","Salmon fillets, dried, salted or in brine",1988,0,"...",0,"..."
"Chile","Salmon fillets, dried, salted or in brine",1989,0,"...",0,"..."
"Chile","Salmon fillets, dried, salted or in brine",1990,0,"...",0,"..."
"Chile","Salmon fillets, dried, salted or in brine",1991,0,"...",0,"..."
"Chile","Salmon fillets, dried, salted or in brine",1992,0,"...",0,"..."
"Chile","Salmon fillets, dried, salted or in brine",1993,0,"...",0,"..."
"Chile","Salmon fillets, dried, salted or in brine",1994,0,"...",0,"..."
"Chile","Salmon fillets, dried, salted or in brine",1995,0,"...",0,"..."
"Chile","Salmon fillets, dried, salted or in brine",1996,0,"...",0,"..."
"Chile","Salmon fillets, dried, salted or in brine",1997,0,"...",0,"..."
"Chile","Salmon fillets, dried, salted or in brine",1998,0,"...",0,"..."
"Chile","Salmon fillets, dried, salted or in brine",1999,0,"...",0,"..."
"Chile","Salmon fillets, dried, salted or in brine",2000,0,"...",0,"..."
"Chile","Salmon fillets, dried, salted or in brine",2001,0,"...",0,"..."
"Chile","Salmon fillets, dried, salted or in brine",2002,1012,"",4321,""
"Chile","Salmon fillets, dried, salted or in brine",2003,1322,"",6343,""
"Chile","Salmon fillets, dried, salted or in brine",2004,1154,"",5644,""
"Chile","Salmon fillets, dried, salted or in brine",2005,696,"",3337,""
"Chile","Salmon fillets, dried, salted or in brine",2006,147,"",492,""
"Chile","Salmon fillets, dried, salted or in brine",2007,213,"",788,""
"Chile","Salmon fillets, dried, salted or in brine",2008,5,"",18,""
"Chile","Salmon fillets, dried, salted or in brine",2009,0,"...",0,"..."
"Chile","Salmon fillets, dried, salted or in brine",2010,0,"...",0,"..."
"Chile","Salmon fillets, dried, salted or in brine",2011,0,"...",0,"..."
"Chile","Salmon fillets, dried, salted or in brine",2012,0,"...",0,"..."
"Chile","Salmon fillets, dried, salted or in brine",2013,0,"...",0,"..."
"Chile","Salmon fillets, dried, salted or in brine",2014,0,"N",5,""
"Chile","Salmon fillets, dried, salted or in brine",2015,0,"...",0,"..."
"Chile","Salmon fillets, dried, salted or in brine",2016,0,"...",0,"..."
"Chile","Salmon fillets, dried, salted or in brine",2017,44,"",388,""
"Chile","Salmon fillets, dried, salted or in brine",2018,0,"...",0,"..."
"Chile","Salmon fillets, dried, salted or in brine",2019,0,"...",0,"..."
"Chile","Salmon fillets, dried, salted or in brine",2020,0,"...",0,"..."
"Chile","Salmon fillets, dried, salted or in brine",2021,0,"...",0,"..."
"Chile","Salmon fillets, dried, salted or in brine",2022,0.18,"",21.64,""
"Chile","Salmon fillets, dried, salted or in brine",2023,0.28,"",32.04,""
"Chile","Salmon fillets, dried, salted or in brine",2024,0,"...",0,"..."
"Chile","Salmon fillets, fresh or chilled",1976,0,"...",0,"..."
"Chile","Salmon fillets, fresh or chilled",1977,0,"...",0,"..."
"Chile","Salmon fillets, fresh or chilled",1978,0,"...",0,"..."
"Chile","Salmon fillets, fresh or chilled",1979,0,"...",0,"..."
"Chile","Salmon fillets, fresh or chilled",1980,0,"...",0,"..."
"Chile","Salmon fillets, fresh or chilled",1981,0,"...",0,"..."
"Chile","Salmon fillets, fresh or chilled",1982,0,"...",0,"..."
"Chile","Salmon fillets, fresh or chilled",1983,0,"...",0,"..."
"Chile","Salmon fillets, fresh or chilled",1984,0,"...",0,"..."
"Chile","Salmon fillets, fresh or chilled",1985,0,"...",0,"..."
"Chile","Salmon fillets, fresh or chilled",1986,7,"",16,""
"Chile","Salmon fillets, fresh or chilled",1987,0,"...",0,"..."
"Chile","Salmon fillets, fresh or chilled",1988,0,"...",0,"..."
"Chile","Salmon fillets, fresh or chilled",1989,0,"...",0,"..."
"Chile","Salmon fillets, fresh or chilled",1990,0,"...",0,"..."
"Chile","Salmon fillets, fresh or chilled",1991,0,"...",0,"..."
"Chile","Salmon fillets, fresh or chilled",1992,1283,"",8025,""
"Chile","Salmon fillets, fresh or chilled",1993,3041,"",18888,""
"Chile","Salmon fillets, fresh or chilled",1994,5851,"",34312,""
"Chile","Salmon fillets, fresh or chilled",1995,9768,"",55336,""
"Chile","Salmon fillets, fresh or chilled",1996,17441,"",87499,""
"Chile","Salmon fillets, fresh or chilled",1997,30668,"",136473,""
"Chile","Salmon fillets, fresh or chilled",1998,36917,"",183003,""
"Chile","Salmon fillets, fresh or chilled",1999,33718,"",200821,""
"Chile","Salmon fillets, fresh or chilled",2000,49015,"",274162,""
"Chile","Salmon fillets, fresh or chilled",2001,75047,"",277070,""
"Chile","Salmon fillets, fresh or chilled",2002,77974,"E",300597,"E"
"Chile","Salmon fillets, fresh or chilled",2003,82168,"",366782,""
"Chile","Salmon fillets, fresh or chilled",2004,84594,"",366101,""
"Chile","Salmon fillets, fresh or chilled",2005,83322,"",405738,""
"Chile","Salmon fillets, fresh or chilled",2006,70305,"",507833,""
"Chile","Salmon fillets, fresh or chilled",2007,74180,"",535886,""
"Chile","Salmon fillets, fresh or chilled",2008,71997,"",512614,""
"Chile","Salmon fillets, fresh or chilled",2009,37416,"",288115,""
"Chile","Salmon fillets, fresh or chilled",2010,20357,"",207169,""
"Chile","Salmon fillets, fresh or chilled",2011,41391,"",407947,""
"Chile","Salmon fillets, fresh or chilled",2012,73500,"",511435,""
"Chile","Salmon fillets, fresh or chilled",2013,83486,"",752687,""
"Chile","Salmon fillets, fresh or chilled",2014,95454,"",902667,""
"Chile","Salmon fillets, fresh or chilled",2015,103846,"",778230,""
"Chile","Salmon fillets, fresh or chilled",2016,97704,"",947548,""
"Chile","Salmon fillets, fresh or chilled",2017,97802,"",1070257,""
"Chile","Salmon fillets, fresh or chilled",2018,118837,"",1231112,""
"Chile","Salmon fillets, fresh or chilled",2019,124980.41,"",1250658.16,""
"Chile","Salmon fillets, fresh or chilled",2020,139889.08,"",1092694.02,""
"Chile","Salmon fillets, fresh or chilled",2021,145758.21,"",1502070.54,""
"Chile","Salmon fillets, fresh or chilled",2022,146434.42,"",1762161.1,""
"Chile","Salmon fillets, fresh or chilled",2023,152720.01,"",1785642.25,""
"Chile","Salmon fillets, fresh or chilled",2024,146967.7,"",1707096.07,""
"Chile","Salmon fillets, frozen",1976,0,"...",0,"..."
"Chile","Salmon fillets, frozen",1977,0,"...",0,"..."
"Chile","Salmon fillets, frozen",1978,0,"...",0,"..."
"Chile","Salmon fillets, frozen",1979,0,"...",0,"..."
"Chile","Salmon fillets, frozen",1980,0,"...",0,"..."
"Chile","Salmon fillets, frozen",1981,0,"...",0,"..."
"Chile","Salmon fillets, frozen",1982,0,"...",0,"..."
"Chile","Salmon fillets, frozen",1983,0,"...",0,"..."
"Chile","Salmon fillets, frozen",1984,0,"...",0,"..."
"Chile","Salmon fillets, frozen",1985,0,"N",2,""
"Chile","Salmon fillets, frozen",1986,2,"",11,""
"Chile","Salmon fillets, frozen",1987,0,"...",0,"..."
"Chile","Salmon fillets, frozen",1988,0,"...",0,"..."
"Chile","Salmon fillets, frozen",1989,0,"...",0,"..."
"Chile","Salmon fillets, frozen",1990,0,"...",0,"..."
"Chile","Salmon fillets, frozen",1991,0,"...",0,"..."
"Chile","Salmon fillets, frozen",1992,938,"",6778,""
"Chile","Salmon fillets, frozen",1993,2248,"",15973,""
"Chile","Salmon fillets, frozen",1994,2624,"",16193,""
"Chile","Salmon fillets, frozen",1995,4582,"",29898,""
"Chile","Salmon fillets, frozen",1996,6250,"",35579,""
"Chile","Salmon fillets, frozen",1997,11231,"",53510,""
"Chile","Salmon fillets, frozen",1998,19977,"",64612,""
"Chile","Salmon fillets, frozen",1999,12590,"",68235,""
"Chile","Salmon fillets, frozen",2000,18625,"",97657,""
"Chile","Salmon fillets, frozen",2001,42856,"",141980,""
"Chile","Salmon fillets, frozen",2002,48000,"E",140000,"E"
"Chile","Salmon fillets, frozen",2003,31574,"",141592,""
"Chile","Salmon fillets, frozen",2004,47951,"",229268,""
"Chile","Salmon fillets, frozen",2005,59054,"",281769,""
"Chile","Salmon fillets, frozen",2006,56833,"",380296,""
"Chile","Salmon fillets, frozen",2007,43518,"",291290,""
"Chile","Salmon fillets, frozen",2008,50422,"",327440,""
"Chile","Salmon fillets, frozen",2009,37149,"",250763,""
"Chile","Salmon fillets, frozen",2010,15740,"",145632,""
"Chile","Salmon fillets, frozen",2011,24399,"",231570,""
"Chile","Salmon fillets, frozen",2012,41218,"",281841,""
"Chile","Salmon fillets, frozen",2013,64037,"",499837,""
"Chile","Salmon fillets, frozen",2014,69689,"",649716,""
"Chile","Salmon fillets, frozen",2015,66512,"",485888,""
"Chile","Salmon fillets, frozen",2016,69444,"",603910,""
"Chile","Salmon fillets, frozen",2017,70696,"",778138,""
"Chile","Salmon fillets, frozen",2018,74324,"",742686,""
"Chile","Salmon fillets, frozen",2019,69237.59,"",691875.49,""
"Chile","Salmon fillets, frozen",2020,83322.26,"",689963.73,""
"Chile","Salmon fillets, frozen",2021,90862,"",863985.48,""
"Chile","Salmon fillets, frozen",2022,109650.28,"",1354177.21,""
"Chile","Salmon fillets, frozen",2023,112999.76,"",1313651.68,""
"Chile","Salmon fillets, frozen",2024,124368.83,"",1417909.79,""
"Chile","Salmon minced, prepared or preserved",1976,0,"...",0,"..."
"Chile","Salmon minced, prepared or preserved",1977,0,"...",0,"..."
"Chile","Salmon minced, prepared or preserved",1978,0,"...",0,"..."
"Chile","Salmon minced, prepared or preserved",1979,0,"...",0,"..."
"Chile","Salmon minced, prepared or preserved",1980,0,"...",0,"..."
"Chile","Salmon minced, prepared or preserved",1981,0,"...",0,"..."
"Chile","Salmon minced, prepared or preserved",1982,0,"...",0,"..."
"Chile","Salmon minced, prepared or preserved",1983,0,"...",0,"..."
"Chile","Salmon minced, prepared or preserved",1984,0,"...",0,"..."
"Chile","Salmon minced, prepared or preserved",1985,0,"...",0,"..."
"Chile","Salmon minced, prepared or preserved",1986,0,"...",0,"..."
"Chile","Salmon minced, prepared or preserved",1987,0,"...",0,"..."
"Chile","Salmon minced, prepared or preserved",1988,0,"...",0,"..."
"Chile","Salmon minced, prepared or preserved",1989,0,"...",0,"..."
"Chile","Salmon minced, prepared or preserved",1990,0,"...",0,"..."
"Chile","Salmon minced, prepared or preserved",1991,0,"...",0,"..."
"Chile","Salmon minced, prepared or preserved",1992,164,"",1045,""
"Chile","Salmon minced, prepared or preserved",1993,145,"",772,""
"Chile","Salmon minced, prepared or preserved",1994,292,"",1024,""
"Chile","Salmon minced, prepared or preserved",1995,104,"",510,""
"Chile","Salmon minced, prepared or preserved",1996,38,"",260,""
"Chile","Salmon minced, prepared or preserved",1997,198,"",1109,""
"Chile","Salmon minced, prepared or preserved",1998,148,"",726,""
"Chile","Salmon minced, prepared or preserved",1999,90,"",386,""
"Chile","Salmon minced, prepared or preserved",2000,75,"",524,""
"Chile","Salmon minced, prepared or preserved",2001,229,"",1468,""
"Chile","Salmon minced, prepared or preserved",2002,100,"",530,""
"Chile","Salmon minced, prepared or preserved",2003,101,"",387,""
"Chile","Salmon minced, prepared or preserved",2004,99,"",769,""
"Chile","Salmon minced, prepared or preserved",2005,361,"",2808,""
"Chile","Salmon minced, prepared or preserved",2006,308,"",2596,""
"Chile","Salmon minced, prepared or preserved",2007,794,"",7024,""
"Chile","Salmon minced, prepared or preserved",2008,617,"",5495,""
"Chile","Salmon minced, prepared or preserved",2009,332,"",2538,""
"Chile","Salmon minced, prepared or preserved",2010,361,"",3925,""
"Chile","Salmon minced, prepared or preserved",2011,28,"",286,""
"Chile","Salmon minced, prepared or preserved",2012,4,"",32,""
"Chile","Salmon minced, prepared or preserved",2013,2,"",25,""
"Chile","Salmon minced, prepared or preserved",2014,3,"",59,""
"Chile","Salmon minced, prepared or preserved",2015,20,"",219,""
"Chile","Salmon minced, prepared or preserved",2016,6,"",131,""
"Chile","Salmon minced, prepared or preserved",2017,12,"",185,""
"Chile","Salmon minced, prepared or preserved",2018,9,"",164,""
"Chile","Salmon minced, prepared or preserved",2019,102.19,"",810.53,""
"Chile","Salmon minced, prepared or preserved",2020,254.46,"",2065.62,""
"Chile","Salmon minced, prepared or preserved",2021,171.39,"",1435.53,""
"Chile","Salmon minced, prepared or preserved",2022,284.26,"",3396.62,""
"Chile","Salmon minced, prepared or preserved",2023,126.78,"",1244.68,""
"Chile","Salmon minced, prepared or preserved",2024,71.95,"",761.74,""
"Chile","Salmon nei, not minced, prepared or preserved",1976,0,"...",0,"..."
"Chile","Salmon nei, not minced, prepared or preserved",1977,0,"...",0,"..."
"Chile","Salmon nei, not minced, prepared or preserved",1978,0,"...",0,"..."
"Chile","Salmon nei, not minced, prepared or preserved",1979,0,"...",0,"..."
"Chile","Salmon nei, not minced, prepared or preserved",1980,0,"...",0,"..."
"Chile","Salmon nei, not minced, prepared or preserved",1981,0,"...",0,"..."
"Chile","Salmon nei, not minced, prepared or preserved",1982,0,"...",0,"..."
"Chile","Salmon nei, not minced, prepared or preserved",1983,0,"...",0,"..."
"Chile","Salmon nei, not minced, prepared or preserved",1984,9,"",8,""
"Chile","Salmon nei, not minced, prepared or preserved",1985,19,"",18,""
"Chile","Salmon nei, not minced, prepared or preserved",1986,9,"",6,""
"Chile","Salmon nei, not minced, prepared or preserved",1987,0,"N",1,""
"Chile","Salmon nei, not minced, prepared or preserved",1988,4,"",16,""
"Chile","Salmon nei, not minced, prepared or preserved",1989,4,"",34,""
"Chile","Salmon nei, not minced, prepared or preserved",1990,151,"",1103,""
"Chile","Salmon nei, not minced, prepared or preserved",1991,140,"",1024,""
"Chile","Salmon nei, not minced, prepared or preserved",1992,122,"",916,""
"Chile","Salmon nei, not minced, prepared or preserved",1993,182,"",1185,""
"Chile","Salmon nei, not minced, prepared or preserved",1994,380,"",2213,""
"Chile","Salmon nei, not minced, prepared or preserved",1995,450,"",2587,""
"Chile","Salmon nei, not minced, prepared or preserved",1996,450,"",2621,""
"Chile","Salmon nei, not minced, prepared or preserved",1997,243,"",1152,""
"Chile","Salmon nei, not minced, prepared or preserved",1998,662,"",4588,""
"Chile","Salmon nei, not minced, prepared or preserved",1999,705,"",4891,""
"Chile","Salmon nei, not minced, prepared or preserved",2000,724,"",4789,""
"Chile","Salmon nei, not minced, prepared or preserved",2001,1577,"",6325,""
"Chile","Salmon nei, not minced, prepared or preserved",2002,1456,"",5877,""
"Chile","Salmon nei, not minced, prepared or preserved",2003,3704,"",20585,""
"Chile","Salmon nei, not minced, prepared or preserved",2004,4563,"",26050,""
"Chile","Salmon nei, not minced, prepared or preserved",2005,4653,"",27133,""
"Chile","Salmon nei, not minced, prepared or preserved",2006,4680,"",31119,""
"Chile","Salmon nei, not minced, prepared or preserved",2007,3476,"",23279,""
"Chile","Salmon nei, not minced, prepared or preserved",2008,4974,"",35796,""
"Chile","Salmon nei, not minced, prepared or preserved",2009,4507,"",36622,""
"Chile","Salmon nei, not minced, prepared or preserved",2010,1222,"",10676,""
"Chile","Salmon nei, not minced, prepared or preserved",2011,1044,"",13405,""
"Chile","Salmon nei, not minced, prepared or preserved",2012,1443,"",14932,""
"Chile","Salmon nei, not minced, prepared or preserved",2013,1738,"",16794,""
"Chile","Salmon nei, not minced, prepared or preserved",2014,1042,"",11097,""
"Chile","Salmon nei, not minced, prepared or preserved",2015,685,"",6601,""
"Chile","Salmon nei, not minced, prepared or preserved",2016,565,"",3679,""
"Chile","Salmon nei, not minced, prepared or preserved",2017,407,"",4242,""
"Chile","Salmon nei, not minced, prepared or preserved",2018,1747,"",22401,""
"Chile","Salmon nei, not minced, prepared or preserved",2019,2073.56,"",26801.94,""
"Chile","Salmon nei, not minced, prepared or preserved",2020,2769.26,"",34771.95,""
"Chile","Salmon nei, not minced, prepared or preserved",2021,1896.59,"",24871,""
"Chile","Salmon nei, not minced, prepared or preserved",2022,2215.97,"",33977.09,""
"Chile","Salmon nei, not minced, prepared or preserved",2023,1531.12,"",25947.41,""
"Chile","Salmon nei, not minced, prepared or preserved",2024,2239.87,"",37778.07,""
"Chile","Salmon roes, cured",1976,0,"...",0,"..."
"Chile","Salmon roes, cured",1977,0,"...",0,"..."
"Chile","Salmon roes, cured",1978,0,"...",0,"..."
"Chile","Salmon roes, cured",1979,0,"...",0,"..."
"Chile","Salmon roes, cured",1980,0,"...",0,"..."
"Chile","Salmon roes, cured",1981,0,"...",0,"..."
"Chile","Salmon roes, cured",1982,0,"...",0,"..."
"Chile","Salmon roes, cured",1983,0,"...",0,"..."
"Chile","Salmon roes, cured",1984,0,"...",0,"..."
"Chile","Salmon roes, cured",1985,0,"...",0,"..."
"Chile","Salmon roes, cured",1986,0,"...",0,"..."
"Chile","Salmon roes, cured",1987,0,"...",0,"..."
"Chile","Salmon roes, cured",1988,0,"...",0,"..."
"Chile","Salmon roes, cured",1989,0,"...",0,"..."
"Chile","Salmon roes, cured",1990,0,"...",0,"..."
"Chile","Salmon roes, cured",1991,0,"...",0,"..."
"Chile","Salmon roes, cured",1992,0,"...",0,"..."
"Chile","Salmon roes, cured",1993,0,"...",0,"..."
"Chile","Salmon roes, cured",1994,0,"...",0,"..."
"Chile","Salmon roes, cured",1995,0,"...",0,"..."
"Chile","Salmon roes, cured",1996,0,"...",0,"..."
"Chile","Salmon roes, cured",1997,0,"...",0,"..."
"Chile","Salmon roes, cured",1998,0,"...",0,"..."
"Chile","Salmon roes, cured",1999,0,"...",0,"..."
"Chile","Salmon roes, cured",2000,0,"...",0,"..."
"Chile","Salmon roes, cured",2001,0,"...",0,"..."
"Chile","Salmon roes, cured",2002,37,"",168,""
"Chile","Salmon roes, cured",2003,43,"",182,""
"Chile","Salmon roes, cured",2004,9,"",85,""
"Chile","Salmon roes, cured",2005,24,"",234,""
"Chile","Salmon roes, cured",2006,6,"",34,""
"Chile","Salmon roes, cured",2007,0,"...",0,"..."
"Chile","Salmon roes, cured",2008,2,"",100,""
"Chile","Salmon roes, cured",2009,4,"",193,""
"Chile","Salmon roes, cured",2010,15,"",308,""
"Chile","Salmon roes, cured",2011,1,"",23,""
"Chile","Salmon roes, cured",2012,0,"N",7,""
"Chile","Salmon roes, cured",2013,0,"N",0,"N"
"Chile","Salmon roes, cured",2014,2,"",39,""
"Chile","Salmon roes, cured",2015,2,"",55,""
"Chile","Salmon roes, cured",2016,0,"...",0,"..."
"Chile","Salmon roes, cured",2017,0,"...",0,"..."
"Chile","Salmon roes, cured",2018,0,"...",0,"..."
"Chile","Salmon roes, cured",2019,0,"...",0,"..."
"Chile","Salmon roes, cured",2020,0.69,"",2.08,""
"Chile","Salmon roes, cured",2021,0,"...",0,"..."
"Chile","Salmon roes, cured",2022,0,"...",0,"..."
"Chile","Salmon roes, cured",2023,1.46,"",27.73,""
"Chile","Salmon roes, cured",2024,0.76,"",20.32,""
"Chile","Salmon roes, frozen",1976,0,"...",0,"..."
"Chile","Salmon roes, frozen",1977,0,"...",0,"..."
"Chile","Salmon roes, frozen",1978,0,"...",0,"..."
"Chile","Salmon roes, frozen",1979,0,"...",0,"..."
"Chile","Salmon roes, frozen",1980,0,"...",0,"..."
"Chile","Salmon roes, frozen",1981,0,"...",0,"..."
"Chile","Salmon roes, frozen",1982,0,"...",0,"..."
"Chile","Salmon roes, frozen",1983,0,"...",0,"..."
"Chile","Salmon roes, frozen",1984,0,"...",0,"..."
"Chile","Salmon roes, frozen",1985,1,"",2,""
"Chile","Salmon roes, frozen",1986,5,"",17,""
"Chile","Salmon roes, frozen",1987,4,"",22,""
"Chile","Salmon roes, frozen",1988,0,"...",0,"..."
"Chile","Salmon roes, frozen",1989,0,"...",0,"..."
"Chile","Salmon roes, frozen",1990,0,"...",0,"..."
"Chile","Salmon roes, frozen",1991,0,"...",0,"..."
"Chile","Salmon roes, frozen",1992,0,"...",0,"..."
"Chile","Salmon roes, frozen",1993,0,"...",0,"..."
"Chile","Salmon roes, frozen",1994,0,"...",0,"..."
"Chile","Salmon roes, frozen",1995,0,"...",0,"..."
"Chile","Salmon roes, frozen",1996,0,"...",0,"..."
"Chile","Salmon roes, frozen",1997,0,"...",0,"..."
"Chile","Salmon roes, frozen",1998,0,"...",0,"..."
"Chile","Salmon roes, frozen",1999,0,"...",0,"..."
"Chile","Salmon roes, frozen",2000,0,"...",0,"..."
"Chile","Salmon roes, frozen",2001,0,"...",0,"..."
"Chile","Salmon roes, frozen",2002,264,"",1270,""
"Chile","Salmon roes, frozen",2003,105,"",477,""
"Chile","Salmon roes, frozen",2004,77,"",496,""
"Chile","Salmon roes, frozen",2005,90,"",503,""
"Chile","Salmon roes, frozen",2006,199,"",1068,""
"Chile","Salmon roes, frozen",2007,76,"",652,""
"Chile","Salmon roes, frozen",2008,167,"",1319,""
"Chile","Salmon roes, frozen",2009,75,"",519,""
"Chile","Salmon roes, frozen",2010,105,"",797,""
"Chile","Salmon roes, frozen",2011,59,"",802,""
"Chile","Salmon roes, frozen",2012,240,"",2791,""
"Chile","Salmon roes, frozen",2013,151,"",1877,""
"Chile","Salmon roes, frozen",2014,152,"",1804,""
"Chile","Salmon roes, frozen",2015,69,"",510,""
"Chile","Salmon roes, frozen",2016,46,"",184,""
"Chile","Salmon roes, frozen",2017,0,"N",0,"N"
"Chile","Salmon roes, frozen",2018,0,"...",0,"..."
"Chile","Salmon roes, frozen",2019,0,"...",0,"..."
"Chile","Salmon roes, frozen",2020,0,"...",0,"..."
"Chile","Salmon roes, frozen",2021,0,"...",0,"..."
"Chile","Salmon roes, frozen",2022,0,"...",0,"..."
"Chile","Salmon roes, frozen",2023,0,"...",0,"..."
"Chile","Salmon roes, frozen",2024,0,"...",0,"..."
"Chile","Salmon sides, salted or in brine",1976,0,"...",0,"..."
"Chile","Salmon sides, salted or in brine",1977,0,"...",0,"..."
"Chile","Salmon sides, salted or in brine",1978,0,"...",0,"..."
"Chile","Salmon sides, salted or in brine",1979,0,"...",0,"..."
"Chile","Salmon sides, salted or in brine",1980,0,"...",0,"..."
"Chile","Salmon sides, salted or in brine",1981,0,"...",0,"..."
"Chile","Salmon sides, salted or in brine",1982,0,"...",0,"..."
"Chile","Salmon sides, salted or in brine",1983,0,"...",0,"..."
"Chile","Salmon sides, salted or in brine",1984,0,"...",0,"..."
"Chile","Salmon sides, salted or in brine",1985,0,"...",0,"..."
"Chile","Salmon sides, salted or in brine",1986,0,"...",0,"..."
"Chile","Salmon sides, salted or in brine",1987,0,"...",0,"..."
"Chile","Salmon sides, salted or in brine",1988,0,"...",0,"..."
"Chile","Salmon sides, salted or in brine",1989,0,"...",0,"..."
"Chile","Salmon sides, salted or in brine",1990,3,"",21,""
"Chile","Salmon sides, salted or in brine",1991,2,"",13,""
"Chile","Salmon sides, salted or in brine",1992,0,"...",0,"..."
"Chile","Salmon sides, salted or in brine",1993,0,"...",0,"..."
"Chile","Salmon sides, salted or in brine",1994,0,"...",0,"..."
"Chile","Salmon sides, salted or in brine",1995,0,"...",0,"..."
"Chile","Salmon sides, salted or in brine",1996,0,"...",0,"..."
"Chile","Salmon sides, salted or in brine",1997,0,"...",0,"..."
"Chile","Salmon sides, salted or in brine",1998,0,"...",0,"..."
"Chile","Salmon sides, salted or in brine",1999,0,"...",0,"..."
"Chile","Salmon sides, salted or in brine",2000,0,"...",0,"..."
"Chile","Salmon sides, salted or in brine",2001,0,"...",0,"..."
"Chile","Salmon sides, salted or in brine",2002,0,"...",0,"..."
"Chile","Salmon sides, salted or in brine",2003,0,"...",0,"..."
"Chile","Salmon sides, salted or in brine",2004,0,"...",0,"..."
"Chile","Salmon sides, salted or in brine",2005,0,"...",0,"..."
"Chile","Salmon sides, salted or in brine",2006,0,"...",0,"..."
"Chile","Salmon sides, salted or in brine",2007,13,"",51,""
"Chile","Salmon sides, salted or in brine",2008,153,"",591,""
"Chile","Salmon sides, salted or in brine",2009,0,"...",0,"..."
"Chile","Salmon sides, salted or in brine",2010,0,"...",0,"..."
"Chile","Salmon sides, salted or in brine",2011,0,"...",0,"..."
"Chile","Salmon sides, salted or in brine",2012,0,"...",0,"..."
"Chile","Salmon sides, salted or in brine",2013,0,"...",0,"..."
"Chile","Salmon sides, salted or in brine",2014,0,"...",0,"..."
"Chile","Salmon sides, salted or in brine",2015,0,"...",0,"..."
"Chile","Salmon sides, salted or in brine",2016,0,"...",0,"..."
"Chile","Salmon sides, salted or in brine",2017,0,"...",0,"..."
"Chile","Salmon sides, salted or in brine",2018,0,"...",0,"..."
"Chile","Salmon sides, salted or in brine",2019,0,"...",0,"..."
"Chile","Salmon sides, salted or in brine",2020,0,"...",0,"..."
"Chile","Salmon sides, salted or in brine",2021,0,"...",0,"..."
"Chile","Salmon sides, salted or in brine",2022,0,"...",0,"..."
"Chile","Salmon sides, salted or in brine",2023,0,"...",0,"..."
"Chile","Salmon sides, salted or in brine",2024,0,"...",0,"..."
"Chile","Salmon steaks, frozen",1976,0,"...",0,"..."
"Chile","Salmon steaks, frozen",1977,0,"...",0,"..."
"Chile","Salmon steaks, frozen",1978,0,"...",0,"..."
"Chile","Salmon steaks, frozen",1979,0,"...",0,"..."
"Chile","Salmon steaks, frozen",1980,0,"...",0,"..."
"Chile","Salmon steaks, frozen",1981,0,"...",0,"..."
"Chile","Salmon steaks, frozen",1982,0,"...",0,"..."
"Chile","Salmon steaks, frozen",1983,0,"...",0,"..."
"Chile","Salmon steaks, frozen",1984,0,"...",0,"..."
"Chile","Salmon steaks, frozen",1985,0,"...",0,"..."
"Chile","Salmon steaks, frozen",1986,0,"...",0,"..."
"Chile","Salmon steaks, frozen",1987,0,"...",0,"..."
"Chile","Salmon steaks, frozen",1988,0,"...",0,"..."
"Chile","Salmon steaks, frozen",1989,0,"...",0,"..."
"Chile","Salmon steaks, frozen",1990,0,"...",0,"..."
"Chile","Salmon steaks, frozen",1991,0,"...",0,"..."
"Chile","Salmon steaks, frozen",1992,0,"...",0,"..."
"Chile","Salmon steaks, frozen",1993,0,"...",0,"..."
"Chile","Salmon steaks, frozen",1994,0,"...",0,"..."
"Chile","Salmon steaks, frozen",1995,0,"...",0,"..."
"Chile","Salmon steaks, frozen",1996,0,"...",0,"..."
"Chile","Salmon steaks, frozen",1997,0,"...",0,"..."
"Chile","Salmon steaks, frozen",1998,0,"...",0,"..."
"Chile","Salmon steaks, frozen",1999,0,"...",0,"..."
"Chile","Salmon steaks, frozen",2000,0,"...",0,"..."
"Chile","Salmon steaks, frozen",2001,0,"...",0,"..."
"Chile","Salmon steaks, frozen",2002,10263,"",44886,""
"Chile","Salmon steaks, frozen",2003,13319,"",65936,""
"Chile","Salmon steaks, frozen",2004,15943,"",90002,""
"Chile","Salmon steaks, frozen",2005,23373,"",140918,""
"Chile","Salmon steaks, frozen",2006,27698,"",213310,""
"Chile","Salmon steaks, frozen",2007,36056,"",313427,""
"Chile","Salmon steaks, frozen",2008,25949,"",212821,""
"Chile","Salmon steaks, frozen",2009,16346,"",137124,""
"Chile","Salmon steaks, frozen",2010,5708,"",61925,""
"Chile","Salmon steaks, frozen",2011,7495,"",94642,""
"Chile","Salmon steaks, frozen",2012,11672,"",115934,""
"Chile","Salmon steaks, frozen",2013,15564,"",154154,""
"Chile","Salmon steaks, frozen",2014,16797,"",205206,""
"Chile","Salmon steaks, frozen",2015,15734,"",169035,""
"Chile","Salmon steaks, frozen",2016,15707,"",170563,""
"Chile","Salmon steaks, frozen",2017,20753,"",289985,""
"Chile","Salmon steaks, frozen",2018,24082,"",305303,""
"Chile","Salmon steaks, frozen",2019,25889.51,"",329079.2,""
"Chile","Salmon steaks, frozen",2020,26354.06,"",314600.83,""
"Chile","Salmon steaks, frozen",2021,25436.11,"",301089.98,""
"Chile","Salmon steaks, frozen",2022,0,"...",0,"..."
"Chile","Salmon steaks, frozen",2023,0,"...",0,"..."
"Chile","Salmon steaks, frozen",2024,0,"...",0,"..."
"Chile","Salmonoids fillets, dried, salted or in brine, but not smoked",1976,0,"...",0,"..."
"Chile","Salmonoids fillets, dried, salted or in brine, but not smoked",1977,0,"...",0,"..."
"Chile","Salmonoids fillets, dried, salted or in brine, but not smoked",1978,0,"...",0,"..."
"Chile","Salmonoids fillets, dried, salted or in brine, but not smoked",1979,0,"...",0,"..."
"Chile","Salmonoids fillets, dried, salted or in brine, but not smoked",1980,0,"...",0,"..."
"Chile","Salmonoids fillets, dried, salted or in brine, but not smoked",1981,0,"...",0,"..."
"Chile","Salmonoids fillets, dried, salted or in brine, but not smoked",1982,0,"...",0,"..."
"Chile","Salmonoids fillets, dried, salted or in brine, but not smoked",1983,0,"...",0,"..."
"Chile","Salmonoids fillets, dried, salted or in brine, but not smoked",1984,0,"...",0,"..."
"Chile","Salmonoids fillets, dried, salted or in brine, but not smoked",1985,0,"...",0,"..."
"Chile","Salmonoids fillets, dried, salted or in brine, but not smoked",1986,0,"...",0,"..."
"Chile","Salmonoids fillets, dried, salted or in brine, but not smoked",1987,0,"...",0,"..."
"Chile","Salmonoids fillets, dried, salted or in brine, but not smoked",1988,0,"...",0,"..."
"Chile","Salmonoids fillets, dried, salted or in brine, but not smoked",1989,0,"...",0,"..."
"Chile","Salmonoids fillets, dried, salted or in brine, but not smoked",1990,0,"...",0,"..."
"Chile","Salmonoids fillets, dried, salted or in brine, but not smoked",1991,0,"...",0,"..."
"Chile","Salmonoids fillets, dried, salted or in brine, but not smoked",1992,0,"...",0,"..."
"Chile","Salmonoids fillets, dried, salted or in brine, but not smoked",1993,0,"...",0,"..."
"Chile","Salmonoids fillets, dried, salted or in brine, but not smoked",1994,0,"...",0,"..."
"Chile","Salmonoids fillets, dried, salted or in brine, but not smoked",1995,0,"...",0,"..."
"Chile","Salmonoids fillets, dried, salted or in brine, but not smoked",1996,0,"...",0,"..."
"Chile","Salmonoids fillets, dried, salted or in brine, but not smoked",1997,0,"...",0,"..."
"Chile","Salmonoids fillets, dried, salted or in brine, but not smoked",1998,0,"...",0,"..."
"Chile","Salmonoids fillets, dried, salted or in brine, but not smoked",1999,0,"...",0,"..."
"Chile","Salmonoids fillets, dried, salted or in brine, but not smoked",2000,0,"...",0,"..."
"Chile","Salmonoids fillets, dried, salted or in brine, but not smoked",2001,0,"...",0,"..."
"Chile","Salmonoids fillets, dried, salted or in brine, but not smoked",2002,313,"",976,""
"Chile","Salmonoids fillets, dried, salted or in brine, but not smoked",2003,177,"",757,""
"Chile","Salmonoids fillets, dried, salted or in brine, but not smoked",2004,148,"",678,""
"Chile","Salmonoids fillets, dried, salted or in brine, but not smoked",2005,198,"",928,""
"Chile","Salmonoids fillets, dried, salted or in brine, but not smoked",2006,937,"",4643,""
"Chile","Salmonoids fillets, dried, salted or in brine, but not smoked",2007,504,"",2347,""
"Chile","Salmonoids fillets, dried, salted or in brine, but not smoked",2008,21,"",126,""
"Chile","Salmonoids fillets, dried, salted or in brine, but not smoked",2009,13,"",201,""
"Chile","Salmonoids fillets, dried, salted or in brine, but not smoked",2010,0,"...",0,"..."
"Chile","Salmonoids fillets, dried, salted or in brine, but not smoked",2011,0,"...",0,"..."
"Chile","Salmonoids fillets, dried, salted or in brine, but not smoked",2012,0,"N",1,""
"Chile","Salmonoids fillets, dried, salted or in brine, but not smoked",2013,0,"...",0,"..."
"Chile","Salmonoids fillets, dried, salted or in brine, but not smoked",2014,0,"N",1,""
"Chile","Salmonoids fillets, dried, salted or in brine, but not smoked",2015,0,"...",0,"..."
"Chile","Salmonoids fillets, dried, salted or in brine, but not smoked",2016,0,"...",0,"..."
"Chile","Salmonoids fillets, dried, salted or in brine, but not smoked",2017,0,"...",0,"..."
"Chile","Salmonoids fillets, dried, salted or in brine, but not smoked",2018,0,"...",0,"..."
"Chile","Salmonoids fillets, dried, salted or in brine, but not smoked",2019,0,"...",0,"..."
"Chile","Salmonoids fillets, dried, salted or in brine, but not smoked",2020,0,"...",0,"..."
"Chile","Salmonoids fillets, dried, salted or in brine, but not smoked",2021,0,"...",0,"..."
"Chile","Salmonoids fillets, dried, salted or in brine, but not smoked",2022,0,"...",0,"..."
"Chile","Salmonoids fillets, dried, salted or in brine, but not smoked",2023,0,"...",0,"..."
"Chile","Salmonoids fillets, dried, salted or in brine, but not smoked",2024,0,"...",0,"..."
"Chile","Salmonoids meat, fresh or chilled, nei",1976,0,"...",0,"..."
"Chile","Salmonoids meat, fresh or chilled, nei",1977,0,"...",0,"..."
"Chile","Salmonoids meat, fresh or chilled, nei",1978,0,"...",0,"..."
"Chile","Salmonoids meat, fresh or chilled, nei",1979,0,"...",0,"..."
"Chile","Salmonoids meat, fresh or chilled, nei",1980,0,"...",0,"..."
"Chile","Salmonoids meat, fresh or chilled, nei",1981,0,"...",0,"..."
"Chile","Salmonoids meat, fresh or chilled, nei",1982,0,"...",0,"..."
"Chile","Salmonoids meat, fresh or chilled, nei",1983,0,"...",0,"..."
"Chile","Salmonoids meat, fresh or chilled, nei",1984,0,"...",0,"..."
"Chile","Salmonoids meat, fresh or chilled, nei",1985,0,"...",0,"..."
"Chile","Salmonoids meat, fresh or chilled, nei",1986,0,"...",0,"..."
"Chile","Salmonoids meat, fresh or chilled, nei",1987,0,"...",0,"..."
"Chile","Salmonoids meat, fresh or chilled, nei",1988,0,"...",0,"..."
"Chile","Salmonoids meat, fresh or chilled, nei",1989,0,"...",0,"..."
"Chile","Salmonoids meat, fresh or chilled, nei",1990,0,"...",0,"..."
"Chile","Salmonoids meat, fresh or chilled, nei",1991,0,"...",0,"..."
"Chile","Salmonoids meat, fresh or chilled, nei",1992,0,"...",0,"..."
"Chile","Salmonoids meat, fresh or chilled, nei",1993,0,"...",0,"..."
"Chile","Salmonoids meat, fresh or chilled, nei",1994,0,"...",0,"..."
"Chile","Salmonoids meat, fresh or chilled, nei",1995,0,"...",0,"..."
"Chile","Salmonoids meat, fresh or chilled, nei",1996,0,"...",0,"..."
"Chile","Salmonoids meat, fresh or chilled, nei",1997,0,"...",0,"..."
"Chile","Salmonoids meat, fresh or chilled, nei",1998,0,"...",0,"..."
"Chile","Salmonoids meat, fresh or chilled, nei",1999,0,"...",0,"..."
"Chile","Salmonoids meat, fresh or chilled, nei",2000,0,"...",0,"..."
"Chile","Salmonoids meat, fresh or chilled, nei",2001,0,"...",0,"..."
"Chile","Salmonoids meat, fresh or chilled, nei",2002,0,"...",0,"..."
"Chile","Salmonoids meat, fresh or chilled, nei",2003,0,"...",0,"..."
"Chile","Salmonoids meat, fresh or chilled, nei",2004,0,"...",0,"..."
"Chile","Salmonoids meat, fresh or chilled, nei",2005,0,"...",0,"..."
"Chile","Salmonoids meat, fresh or chilled, nei",2006,0,"...",0,"..."
"Chile","Salmonoids meat, fresh or chilled, nei",2007,0,"...",0,"..."
"Chile","Salmonoids meat, fresh or chilled, nei",2008,26,"",92,""
"Chile","Salmonoids meat, fresh or chilled, nei",2009,0,"...",0,"..."
"Chile","Salmonoids meat, fresh or chilled, nei",2010,0,"...",0,"..."
"Chile","Salmonoids meat, fresh or chilled, nei",2011,0,"...",0,"..."
"Chile","Salmonoids meat, fresh or chilled, nei",2012,582,"",5470,""
"Chile","Salmonoids meat, fresh or chilled, nei",2013,1225,"",12717,""
"Chile","Salmonoids meat, fresh or chilled, nei",2014,1159,"",14699,""
"Chile","Salmonoids meat, fresh or chilled, nei",2015,1717,"",18118,""
"Chile","Salmonoids meat, fresh or chilled, nei",2016,1710,"",19544,""
"Chile","Salmonoids meat, fresh or chilled, nei",2017,2830,"",39779,""
"Chile","Salmonoids meat, fresh or chilled, nei",2018,3095,"",39682,""
"Chile","Salmonoids meat, fresh or chilled, nei",2019,2928.86,"",37333.29,""
"Chile","Salmonoids meat, fresh or chilled, nei",2020,2104.26,"",24066.25,""
"Chile","Salmonoids meat, fresh or chilled, nei",2021,3482.95,"",46147.74,""
"Chile","Salmonoids meat, fresh or chilled, nei",2022,4088.44,"",66683.02,""
"Chile","Salmonoids meat, fresh or chilled, nei",2023,3769.57,"",61875.95,""
"Chile","Salmonoids meat, fresh or chilled, nei",2024,3000.41,"",48327.63,""
"Chile","Salmonoids nei, dried, whether or not salted, not smoked",1976,0,"...",0,"..."
"Chile","Salmonoids nei, dried, whether or not salted, not smoked",1977,0,"...",0,"..."
"Chile","Salmonoids nei, dried, whether or not salted, not smoked",1978,0,"...",0,"..."
"Chile","Salmonoids nei, dried, whether or not salted, not smoked",1979,0,"...",0,"..."
"Chile","Salmonoids nei, dried, whether or not salted, not smoked",1980,0,"...",0,"..."
"Chile","Salmonoids nei, dried, whether or not salted, not smoked",1981,0,"...",0,"..."
"Chile","Salmonoids nei, dried, whether or not salted, not smoked",1982,0,"...",0,"..."
"Chile","Salmonoids nei, dried, whether or not salted, not smoked",1983,0,"...",0,"..."
"Chile","Salmonoids nei, dried, whether or not salted, not smoked",1984,0,"...",0,"..."
"Chile","Salmonoids nei, dried, whether or not salted, not smoked",1985,0,"...",0,"..."
"Chile","Salmonoids nei, dried, whether or not salted, not smoked",1986,0,"...",0,"..."
"Chile","Salmonoids nei, dried, whether or not salted, not smoked",1987,0,"...",0,"..."
"Chile","Salmonoids nei, dried, whether or not salted, not smoked",1988,0,"...",0,"..."
"Chile","Salmonoids nei, dried, whether or not salted, not smoked",1989,0,"...",0,"..."
"Chile","Salmonoids nei, dried, whether or not salted, not smoked",1990,0,"...",0,"..."
"Chile","Salmonoids nei, dried, whether or not salted, not smoked",1991,0,"...",0,"..."
"Chile","Salmonoids nei, dried, whether or not salted, not smoked",1992,0,"...",0,"..."
"Chile","Salmonoids nei, dried, whether or not salted, not smoked",1993,0,"...",0,"..."
"Chile","Salmonoids nei, dried, whether or not salted, not smoked",1994,0,"...",0,"..."
"Chile","Salmonoids nei, dried, whether or not salted, not smoked",1995,0,"...",0,"..."
"Chile","Salmonoids nei, dried, whether or not salted, not smoked",1996,0,"...",0,"..."
"Chile","Salmonoids nei, dried, whether or not salted, not smoked",1997,0,"...",0,"..."
"Chile","Salmonoids nei, dried, whether or not salted, not smoked",1998,0,"...",0,"..."
"Chile","Salmonoids nei, dried, whether or not salted, not smoked",1999,0,"...",0,"..."
"Chile","Salmonoids nei, dried, whether or not salted, not smoked",2000,0,"...",0,"..."
"Chile","Salmonoids nei, dried, whether or not salted, not smoked",2001,0,"...",0,"..."
"Chile","Salmonoids nei, dried, whether or not salted, not smoked",2002,0,"...",0,"..."
"Chile","Salmonoids nei, dried, whether or not salted, not smoked",2003,0,"...",0,"..."
"Chile","Salmonoids nei, dried, whether or not salted, not smoked",2004,0,"...",0,"..."
"Chile","Salmonoids nei, dried, whether or not salted, not smoked",2005,0,"...",0,"..."
"Chile","Salmonoids nei, dried, whether or not salted, not smoked",2006,0,"...",0,"..."
"Chile","Salmonoids nei, dried, whether or not salted, not smoked",2007,0,"...",0,"..."
"Chile","Salmonoids nei, dried, whether or not salted, not smoked",2008,1,"",7,""
"Chile","Salmonoids nei, dried, whether or not salted, not smoked",2009,0,"...",0,"..."
"Chile","Salmonoids nei, dried, whether or not salted, not smoked",2010,0,"...",0,"..."
"Chile","Salmonoids nei, dried, whether or not salted, not smoked",2011,0,"...",0,"..."
"Chile","Salmonoids nei, dried, whether or not salted, not smoked",2012,0,"...",0,"..."
"Chile","Salmonoids nei, dried, whether or not salted, not smoked",2013,0,"...",0,"..."
"Chile","Salmonoids nei, dried, whether or not salted, not smoked",2014,0,"...",0,"..."
"Chile","Salmonoids nei, dried, whether or not salted, not smoked",2015,0,"...",0,"..."
"Chile","Salmonoids nei, dried, whether or not salted, not smoked",2016,0,"...",0,"..."
"Chile","Salmonoids nei, dried, whether or not salted, not smoked",2017,0,"...",0,"..."
"Chile","Salmonoids nei, dried, whether or not salted, not smoked",2018,0,"...",0,"..."
"Chile","Salmonoids nei, dried, whether or not salted, not smoked",2019,0,"...",0,"..."
"Chile","Salmonoids nei, dried, whether or not salted, not smoked",2020,0.7,"",5.37,""
"Chile","Salmonoids nei, dried, whether or not salted, not smoked",2021,0,"...",0,"..."
"Chile","Salmonoids nei, dried, whether or not salted, not smoked",2022,0,"...",0,"..."
"Chile","Salmonoids nei, dried, whether or not salted, not smoked",2023,0,"...",0,"..."
"Chile","Salmonoids nei, dried, whether or not salted, not smoked",2024,0,"...",0,"..."
"Chile","Salmonoids, fresh or chilled, nei",1976,0,"...",0,"..."
"Chile","Salmonoids, fresh or chilled, nei",1977,0,"...",0,"..."
"Chile","Salmonoids, fresh or chilled, nei",1978,0,"...",0,"..."
"Chile","Salmonoids, fresh or chilled, nei",1979,0,"...",0,"..."
"Chile","Salmonoids, fresh or chilled, nei",1980,0,"...",0,"..."
"Chile","Salmonoids, fresh or chilled, nei",1981,0,"...",0,"..."
"Chile","Salmonoids, fresh or chilled, nei",1982,0,"...",0,"..."
"Chile","Salmonoids, fresh or chilled, nei",1983,0,"...",0,"..."
"Chile","Salmonoids, fresh or chilled, nei",1984,0,"...",0,"..."
"Chile","Salmonoids, fresh or chilled, nei",1985,0,"...",0,"..."
"Chile","Salmonoids, fresh or chilled, nei",1986,0,"...",0,"..."
"Chile","Salmonoids, fresh or chilled, nei",1987,0,"...",0,"..."
"Chile","Salmonoids, fresh or chilled, nei",1988,0,"...",0,"..."
"Chile","Salmonoids, fresh or chilled, nei",1989,0,"...",0,"..."
"Chile","Salmonoids, fresh or chilled, nei",1990,0,"...",0,"..."
"Chile","Salmonoids, fresh or chilled, nei",1991,0,"...",0,"..."
"Chile","Salmonoids, fresh or chilled, nei",1992,0,"...",0,"..."
"Chile","Salmonoids, fresh or chilled, nei",1993,0,"...",0,"..."
"Chile","Salmonoids, fresh or chilled, nei",1994,0,"...",0,"..."
"Chile","Salmonoids, fresh or chilled, nei",1995,0,"...",0,"..."
"Chile","Salmonoids, fresh or chilled, nei",1996,1,"",3,""
"Chile","Salmonoids, fresh or chilled, nei",1997,0,"N",0,"..."
"Chile","Salmonoids, fresh or chilled, nei",1998,0,"N",1,""
"Chile","Salmonoids, fresh or chilled, nei",1999,0,"...",0,"..."
"Chile","Salmonoids, fresh or chilled, nei",2000,0,"N",0,"N"
"Chile","Salmonoids, fresh or chilled, nei",2001,1,"",3,""
"Chile","Salmonoids, fresh or chilled, nei",2002,0,"...",0,"..."
"Chile","Salmonoids, fresh or chilled, nei",2003,0,"...",0,"..."
"Chile","Salmonoids, fresh or chilled, nei",2004,0,"...",0,"..."
"Chile","Salmonoids, fresh or chilled, nei",2005,0,"...",0,"..."
"Chile","Salmonoids, fresh or chilled, nei",2006,0,"N",1,""
"Chile","Salmonoids, fresh or chilled, nei",2007,0,"...",0,"..."
"Chile","Salmonoids, fresh or chilled, nei",2008,0,"...",0,"..."
"Chile","Salmonoids, fresh or chilled, nei",2009,0,"...",0,"..."
"Chile","Salmonoids, fresh or chilled, nei",2010,0,"...",0,"..."
"Chile","Salmonoids, fresh or chilled, nei",2011,0,"...",0,"..."
"Chile","Salmonoids, fresh or chilled, nei",2012,0,"...",0,"..."
"Chile","Salmonoids, fresh or chilled, nei",2013,0,"...",0,"..."
"Chile","Salmonoids, fresh or chilled, nei",2014,0,"...",0,"..."
"Chile","Salmonoids, fresh or chilled, nei",2015,0,"...",0,"..."
"Chile","Salmonoids, fresh or chilled, nei",2016,0,"N",2,""
"Chile","Salmonoids, fresh or chilled, nei",2017,0,"...",0,"..."
"Chile","Salmonoids, fresh or chilled, nei",2018,0,"...",0,"..."
"Chile","Salmonoids, fresh or chilled, nei",2019,0,"...",0,"..."
"Chile","Salmonoids, fresh or chilled, nei",2020,0,"...",0,"..."
"Chile","Salmonoids, fresh or chilled, nei",2021,0,"...",0,"..."
"Chile","Salmonoids, fresh or chilled, nei",2022,0,"...",0,"..."
"Chile","Salmonoids, fresh or chilled, nei",2023,0,"...",0,"..."
"Chile","Salmonoids, fresh or chilled, nei",2024,0,"...",0,"..."
"Chile","Salmonoids, frozen",1976,0,"...",0,"..."
"Chile","Salmonoids, frozen",1977,0,"...",0,"..."
"Chile","Salmonoids, frozen",1978,0,"...",0,"..."
"Chile","Salmonoids, frozen",1979,0,"...",0,"..."
"Chile","Salmonoids, frozen",1980,0,"...",0,"..."
"Chile","Salmonoids, frozen",1981,0,"...",0,"..."
"Chile","Salmonoids, frozen",1982,0,"...",0,"..."
"Chile","Salmonoids, frozen",1983,0,"...",0,"..."
"Chile","Salmonoids, frozen",1984,0,"...",0,"..."
"Chile","Salmonoids, frozen",1985,0,"...",0,"..."
"Chile","Salmonoids, frozen",1986,0,"...",0,"..."
"Chile","Salmonoids, frozen",1987,0,"...",0,"..."
"Chile","Salmonoids, frozen",1988,0,"...",0,"..."
"Chile","Salmonoids, frozen",1989,0,"...",0,"..."
"Chile","Salmonoids, frozen",1990,0,"...",0,"..."
"Chile","Salmonoids, frozen",1991,21,"",384,""
"Chile","Salmonoids, frozen",1992,0,"N",0,"..."
"Chile","Salmonoids, frozen",1993,0,"...",0,"..."
"Chile","Salmonoids, frozen",1994,33,"",151,""
"Chile","Salmonoids, frozen",1995,18,"",29,""
"Chile","Salmonoids, frozen",1996,2,"",11,""
"Chile","Salmonoids, frozen",1997,2,"",13,""
"Chile","Salmonoids, frozen",1998,0,"...",0,"..."
"Chile","Salmonoids, frozen",1999,26,"",46,""
"Chile","Salmonoids, frozen",2000,9,"",6,""
"Chile","Salmonoids, frozen",2001,26,"",45,""
"Chile","Salmonoids, frozen",2002,0,"N",2,""
"Chile","Salmonoids, frozen",2003,4,"",5,""
"Chile","Salmonoids, frozen",2004,24,"",70,""
"Chile","Salmonoids, frozen",2005,260,"",1013,""
"Chile","Salmonoids, frozen",2006,20,"",105,""
"Chile","Salmonoids, frozen",2007,0,"...",0,"..."
"Chile","Salmonoids, frozen",2008,23,"",71,""
"Chile","Salmonoids, frozen",2009,31,"",53,""
"Chile","Salmonoids, frozen",2010,5,"",27,""
"Chile","Salmonoids, frozen",2011,0,"N",11,""
"Chile","Salmonoids, frozen",2012,4187,"",19231,""
"Chile","Salmonoids, frozen",2013,55,"",190,""
"Chile","Salmonoids, frozen",2014,11,"",34,""
"Chile","Salmonoids, frozen",2015,0,"N",0,"N"
"Chile","Salmonoids, frozen",2016,0,"...",0,"..."
"Chile","Salmonoids, frozen",2017,0,"N",0,"N"
"Chile","Salmonoids, frozen",2018,0,"...",0,"..."
"Chile","Salmonoids, frozen",2019,0,"...",0,"..."
"Chile","Salmonoids, frozen",2020,70.18,"",184.89,""
"Chile","Salmonoids, frozen",2021,0,"...",0,"..."
"Chile","Salmonoids, frozen",2022,0,"...",0,"..."
"Chile","Salmonoids, frozen",2023,0,"...",0,"..."
"Chile","Salmonoids, frozen",2024,0,"...",0,"..."
"Chile","Salmons, dried, whether or not salted, not smoked, nei",1976,0,"...",0,"..."
"Chile","Salmons, dried, whether or not salted, not smoked, nei",1977,0,"...",0,"..."
"Chile","Salmons, dried, whether or not salted, not smoked, nei",1978,0,"...",0,"..."
"Chile","Salmons, dried, whether or not salted, not smoked, nei",1979,0,"...",0,"..."
"Chile","Salmons, dried, whether or not salted, not smoked, nei",1980,0,"...",0,"..."
"Chile","Salmons, dried, whether or not salted, not smoked, nei",1981,0,"...",0,"..."
"Chile","Salmons, dried, whether or not salted, not smoked, nei",1982,0,"...",0,"..."
"Chile","Salmons, dried, whether or not salted, not smoked, nei",1983,0,"...",0,"..."
"Chile","Salmons, dried, whether or not salted, not smoked, nei",1984,0,"...",0,"..."
"Chile","Salmons, dried, whether or not salted, not smoked, nei",1985,0,"...",0,"..."
"Chile","Salmons, dried, whether or not salted, not smoked, nei",1986,0,"...",0,"..."
"Chile","Salmons, dried, whether or not salted, not smoked, nei",1987,0,"...",0,"..."
"Chile","Salmons, dried, whether or not salted, not smoked, nei",1988,0,"...",0,"..."
"Chile","Salmons, dried, whether or not salted, not smoked, nei",1989,0,"...",0,"..."
"Chile","Salmons, dried, whether or not salted, not smoked, nei",1990,0,"...",0,"..."
"Chile","Salmons, dried, whether or not salted, not smoked, nei",1991,0,"...",0,"..."
"Chile","Salmons, dried, whether or not salted, not smoked, nei",1992,0,"...",0,"..."
"Chile","Salmons, dried, whether or not salted, not smoked, nei",1993,0,"...",0,"..."
"Chile","Salmons, dried, whether or not salted, not smoked, nei",1994,0,"...",0,"..."
"Chile","Salmons, dried, whether or not salted, not smoked, nei",1995,0,"...",0,"..."
"Chile","Salmons, dried, whether or not salted, not smoked, nei",1996,0,"...",0,"..."
"Chile","Salmons, dried, whether or not salted, not smoked, nei",1997,0,"...",0,"..."
"Chile","Salmons, dried, whether or not salted, not smoked, nei",1998,0,"...",0,"..."
"Chile","Salmons, dried, whether or not salted, not smoked, nei",1999,0,"...",0,"..."
"Chile","Salmons, dried, whether or not salted, not smoked, nei",2000,0,"...",0,"..."
"Chile","Salmons, dried, whether or not salted, not smoked, nei",2001,0,"...",0,"..."
"Chile","Salmons, dried, whether or not salted, not smoked, nei",2002,0,"...",0,"..."
"Chile","Salmons, dried, whether or not salted, not smoked, nei",2003,0,"...",0,"..."
"Chile","Salmons, dried, whether or not salted, not smoked, nei",2004,0,"...",0,"..."
"Chile","Salmons, dried, whether or not salted, not smoked, nei",2005,0,"...",0,"..."
"Chile","Salmons, dried, whether or not salted, not smoked, nei",2006,0,"...",0,"..."
"Chile","Salmons, dried, whether or not salted, not smoked, nei",2007,0,"...",0,"..."
"Chile","Salmons, dried, whether or not salted, not smoked, nei",2008,0,"N",4,""
"Chile","Salmons, dried, whether or not salted, not smoked, nei",2009,0,"N",2,""
"Chile","Salmons, dried, whether or not salted, not smoked, nei",2010,4,"",29,""
"Chile","Salmons, dried, whether or not salted, not smoked, nei",2011,1,"",16,""
"Chile","Salmons, dried, whether or not salted, not smoked, nei",2012,0,"N",4,""
"Chile","Salmons, dried, whether or not salted, not smoked, nei",2013,32,"",457,""
"Chile","Salmons, dried, whether or not salted, not smoked, nei",2014,7,"",89,""
"Chile","Salmons, dried, whether or not salted, not smoked, nei",2015,0,"N",3,""
"Chile","Salmons, dried, whether or not salted, not smoked, nei",2016,0,"...",0,"..."
"Chile","Salmons, dried, whether or not salted, not smoked, nei",2017,0,"...",0,"..."
"Chile","Salmons, dried, whether or not salted, not smoked, nei",2018,0,"N",1,""
"Chile","Salmons, dried, whether or not salted, not smoked, nei",2019,0,"...",0,"..."
"Chile","Salmons, dried, whether or not salted, not smoked, nei",2020,0,"...",0,"..."
"Chile","Salmons, dried, whether or not salted, not smoked, nei",2021,2.17,"",214.47,""
"Chile","Salmons, dried, whether or not salted, not smoked, nei",2022,0,"...",0,"..."
"Chile","Salmons, dried, whether or not salted, not smoked, nei",2023,0,"...",0,"..."
"Chile","Salmons, dried, whether or not salted, not smoked, nei",2024,0,"...",0,"..."
"Chile","Salmons, fresh or chilled, nei",1976,0,"...",0,"..."
"Chile","Salmons, fresh or chilled, nei",1977,0,"...",0,"..."
"Chile","Salmons, fresh or chilled, nei",1978,0,"...",0,"..."
"Chile","Salmons, fresh or chilled, nei",1979,0,"...",0,"..."
"Chile","Salmons, fresh or chilled, nei",1980,0,"...",0,"..."
"Chile","Salmons, fresh or chilled, nei",1981,0,"...",0,"..."
"Chile","Salmons, fresh or chilled, nei",1982,0,"...",0,"..."
"Chile","Salmons, fresh or chilled, nei",1983,0,"...",0,"..."
"Chile","Salmons, fresh or chilled, nei",1984,0,"...",0,"..."
"Chile","Salmons, fresh or chilled, nei",1985,0,"...",0,"..."
"Chile","Salmons, fresh or chilled, nei",1986,0,"...",0,"..."
"Chile","Salmons, fresh or chilled, nei",1987,0,"...",0,"..."
"Chile","Salmons, fresh or chilled, nei",1988,0,"...",0,"..."
"Chile","Salmons, fresh or chilled, nei",1989,0,"...",0,"..."
"Chile","Salmons, fresh or chilled, nei",1990,0,"...",0,"..."
"Chile","Salmons, fresh or chilled, nei",1991,40,"",270,""
"Chile","Salmons, fresh or chilled, nei",1992,14246,"",67198,""
"Chile","Salmons, fresh or chilled, nei",1993,15727,"",69616,""
"Chile","Salmons, fresh or chilled, nei",1994,15904,"",65875,""
"Chile","Salmons, fresh or chilled, nei",1995,21553,"",86715,""
"Chile","Salmons, fresh or chilled, nei",1996,26207,"",91708,""
"Chile","Salmons, fresh or chilled, nei",1997,23976,"",71296,""
"Chile","Salmons, fresh or chilled, nei",1998,19266,"",60302,""
"Chile","Salmons, fresh or chilled, nei",1999,10855,"",37224,""
"Chile","Salmons, fresh or chilled, nei",2000,14983,"",47324,""
"Chile","Salmons, fresh or chilled, nei",2001,19285,"",44002,""
"Chile","Salmons, fresh or chilled, nei",2002,0,"...",0,"..."
"Chile","Salmons, fresh or chilled, nei",2003,0,"...",0,"..."
"Chile","Salmons, fresh or chilled, nei",2004,0,"...",0,"..."
"Chile","Salmons, fresh or chilled, nei",2005,0,"...",0,"..."
"Chile","Salmons, fresh or chilled, nei",2006,0,"...",0,"..."
"Chile","Salmons, fresh or chilled, nei",2007,0,"...",0,"..."
"Chile","Salmons, fresh or chilled, nei",2008,0,"...",0,"..."
"Chile","Salmons, fresh or chilled, nei",2009,0,"...",0,"..."
"Chile","Salmons, fresh or chilled, nei",2010,0,"...",0,"..."
"Chile","Salmons, fresh or chilled, nei",2011,0,"...",0,"..."
"Chile","Salmons, fresh or chilled, nei",2012,0,"...",0,"..."
"Chile","Salmons, fresh or chilled, nei",2013,0,"...",0,"..."
"Chile","Salmons, fresh or chilled, nei",2014,0,"...",0,"..."
"Chile","Salmons, fresh or chilled, nei",2015,0,"...",0,"..."
"Chile","Salmons, fresh or chilled, nei",2016,0,"...",0,"..."
"Chile","Salmons, fresh or chilled, nei",2017,0,"...",0,"..."
"Chile","Salmons, fresh or chilled, nei",2018,0,"...",0,"..."
"Chile","Salmons, fresh or chilled, nei",2019,0,"...",0,"..."
"Chile","Salmons, fresh or chilled, nei",2020,0,"...",0,"..."
"Chile","Salmons, fresh or chilled, nei",2021,0,"...",0,"..."
"Chile","Salmons, fresh or chilled, nei",2022,0,"...",0,"..."
"Chile","Salmons, fresh or chilled, nei",2023,0,"...",0,"..."
"Chile","Salmons, fresh or chilled, nei",2024,0,"...",0,"..."
"Chile","Salmons, meat. frozen",1976,0,"...",0,"..."
"Chile","Salmons, meat. frozen",1977,0,"...",0,"..."
"Chile","Salmons, meat. frozen",1978,0,"...",0,"..."
"Chile","Salmons, meat. frozen",1979,0,"...",0,"..."
"Chile","Salmons, meat. frozen",1980,0,"...",0,"..."
"Chile","Salmons, meat. frozen",1981,0,"...",0,"..."
"Chile","Salmons, meat. frozen",1982,0,"...",0,"..."
"Chile","Salmons, meat. frozen",1983,0,"...",0,"..."
"Chile","Salmons, meat. frozen",1984,0,"...",0,"..."
"Chile","Salmons, meat. frozen",1985,0,"...",0,"..."
"Chile","Salmons, meat. frozen",1986,0,"...",0,"..."
"Chile","Salmons, meat. frozen",1987,0,"...",0,"..."
"Chile","Salmons, meat. frozen",1988,0,"...",0,"..."
"Chile","Salmons, meat. frozen",1989,0,"...",0,"..."
"Chile","Salmons, meat. frozen",1990,0,"...",0,"..."
"Chile","Salmons, meat. frozen",1991,0,"...",0,"..."
"Chile","Salmons, meat. frozen",1992,45,"",246,""
"Chile","Salmons, meat. frozen",1993,82,"",305,""
"Chile","Salmons, meat. frozen",1994,195,"",1185,""
"Chile","Salmons, meat. frozen",1995,483,"",3617,""
"Chile","Salmons, meat. frozen",1996,1222,"",5762,""
"Chile","Salmons, meat. frozen",1997,2149,"",10976,""
"Chile","Salmons, meat. frozen",1998,3155,"",15792,""
"Chile","Salmons, meat. frozen",1999,0,"...",0,"..."
"Chile","Salmons, meat. frozen",2000,0,"...",0,"..."
"Chile","Salmons, meat. frozen",2001,9504,"",41953,""
"Chile","Salmons, meat. frozen",2002,4419,"",13253,""
"Chile","Salmons, meat. frozen",2003,6252,"",27254,""
"Chile","Salmons, meat. frozen",2004,10729,"",55900,""
"Chile","Salmons, meat. frozen",2005,13267,"",64536,""
"Chile","Salmons, meat. frozen",2006,9866,"",62459,""
"Chile","Salmons, meat. frozen",2007,4651,"",24872,""
"Chile","Salmons, meat. frozen",2008,9477,"",65691,""
"Chile","Salmons, meat. frozen",2009,5226,"",34242,""
"Chile","Salmons, meat. frozen",2010,2283,"",14759,""
"Chile","Salmons, meat. frozen",2011,4976,"",45733,""
"Chile","Salmons, meat. frozen",2012,8157,"",65579,""
"Chile","Salmons, meat. frozen",2013,8281,"",67958,""
"Chile","Salmons, meat. frozen",2014,8289,"",86001,""
"Chile","Salmons, meat. frozen",2015,8384,"",75297,""
"Chile","Salmons, meat. frozen",2016,7905,"",76297,""
"Chile","Salmons, meat. frozen",2017,3819,"",37170,""
"Chile","Salmons, meat. frozen",2018,5047,"",42295,""
"Chile","Salmons, meat. frozen",2019,6234.86,"",56261.92,""
"Chile","Salmons, meat. frozen",2020,7502.29,"",70133.23,""
"Chile","Salmons, meat. frozen",2021,7890.65,"",78869.89,""
"Chile","Salmons, meat. frozen",2022,0,"...",0,"..."
"Chile","Salmons, meat. frozen",2023,0,"...",0,"..."
"Chile","Salmons, meat. frozen",2024,0,"...",0,"..."
"Chile","Salmons, salted or in brine",1976,0,"...",0,"..."
"Chile","Salmons, salted or in brine",1977,0,"...",0,"..."
"Chile","Salmons, salted or in brine",1978,0,"...",0,"..."
"Chile","Salmons, salted or in brine",1979,0,"...",0,"..."
"Chile","Salmons, salted or in brine",1980,0,"...",0,"..."
"Chile","Salmons, salted or in brine",1981,0,"...",0,"..."
"Chile","Salmons, salted or in brine",1982,0,"...",0,"..."
"Chile","Salmons, salted or in brine",1983,0,"...",0,"..."
"Chile","Salmons, salted or in brine",1984,0,"...",0,"..."
"Chile","Salmons, salted or in brine",1985,0,"...",0,"..."
"Chile","Salmons, salted or in brine",1986,0,"...",0,"..."
"Chile","Salmons, salted or in brine",1987,0,"...",0,"..."
"Chile","Salmons, salted or in brine",1988,21,"",144,""
"Chile","Salmons, salted or in brine",1989,3,"",45,""
"Chile","Salmons, salted or in brine",1990,141,"",1840,""
"Chile","Salmons, salted or in brine",1991,102,"",800,""
"Chile","Salmons, salted or in brine",1992,0,"...",0,"..."
"Chile","Salmons, salted or in brine",1993,0,"...",0,"..."
"Chile","Salmons, salted or in brine",1994,0,"...",0,"..."
"Chile","Salmons, salted or in brine",1995,0,"...",0,"..."
"Chile","Salmons, salted or in brine",1996,0,"...",0,"..."
"Chile","Salmons, salted or in brine",1997,0,"...",0,"..."
"Chile","Salmons, salted or in brine",1998,0,"...",0,"..."
"Chile","Salmons, salted or in brine",1999,0,"...",0,"..."
"Chile","Salmons, salted or in brine",2000,0,"...",0,"..."
"Chile","Salmons, salted or in brine",2001,0,"...",0,"..."
"Chile","Salmons, salted or in brine",2002,3080,"",8700,""
"Chile","Salmons, salted or in brine",2003,1062,"",4636,""
"Chile","Salmons, salted or in brine",2004,763,"",3042,""
"Chile","Salmons, salted or in brine",2005,646,"",2808,""
"Chile","Salmons, salted or in brine",2006,222,"",931,""
"Chile","Salmons, salted or in brine",2007,0,"...",0,"..."
"Chile","Salmons, salted or in brine",2008,0,"...",0,"..."
"Chile","Salmons, salted or in brine",2009,0,"...",0,"..."
"Chile","Salmons, salted or in brine",2010,0,"...",0,"..."
"Chile","Salmons, salted or in brine",2011,0,"...",0,"..."
"Chile","Salmons, salted or in brine",2012,0,"...",0,"..."
"Chile","Salmons, salted or in brine",2013,0,"...",0,"..."
"Chile","Salmons, salted or in brine",2014,0,"...",0,"..."
"Chile","Salmons, salted or in brine",2015,0,"...",0,"..."
"Chile","Salmons, salted or in brine",2016,0,"...",0,"..."
"Chile","Salmons, salted or in brine",2017,0,"...",0,"..."
"Chile","Salmons, salted or in brine",2018,0,"...",0,"..."
"Chile","Salmons, salted or in brine",2019,0,"...",0,"..."
"Chile","Salmons, salted or in brine",2020,0,"...",0,"..."
"Chile","Salmons, salted or in brine",2021,0,"...",0,"..."
"Chile","Salmons, salted or in brine",2022,0.9,"",98.34,""
"Chile","Salmons, salted or in brine",2023,0,"...",0,"..."
"Chile","Salmons, salted or in brine",2024,0,"...",0,"..."
"Chile","Salmons, smoked",1976,0,"...",0,"..."
"Chile","Salmons, smoked",1977,0,"...",0,"..."
"Chile","Salmons, smoked",1978,0,"...",0,"..."
"Chile","Salmons, smoked",1979,7,"",47,""
"Chile","Salmons, smoked",1980,2,"",12,""
"Chile","Salmons, smoked",1981,8,"",50,""
"Chile","Salmons, smoked",1982,1,"",12,""
"Chile","Salmons, smoked",1983,1,"",10,""
"Chile","Salmons, smoked",1984,1,"",21,""
"Chile","Salmons, smoked",1985,4,"",52,""
"Chile","Salmons, smoked",1986,13,"",168,""
"Chile","Salmons, smoked",1987,16,"",238,""
"Chile","Salmons, smoked",1988,15,"",266,""
"Chile","Salmons, smoked",1989,23,"",401,""
"Chile","Salmons, smoked",1990,62,"",833,""
"Chile","Salmons, smoked",1991,19,"",306,""
"Chile","Salmons, smoked",1992,124,"",1858,""
"Chile","Salmons, smoked",1993,128,"",1824,""
"Chile","Salmons, smoked",1994,415,"",4792,""
"Chile","Salmons, smoked",1995,894,"",10348,""
"Chile","Salmons, smoked",1996,822,"",8581,""
"Chile","Salmons, smoked",1997,1074,"",7694,""
"Chile","Salmons, smoked",1998,643,"",5951,""
"Chile","Salmons, smoked",1999,696,"",6131,""
"Chile","Salmons, smoked",2000,840,"",7151,""
"Chile","Salmons, smoked",2001,1267,"",8786,""
"Chile","Salmons, smoked",2002,1338,"",11296,""
"Chile","Salmons, smoked",2003,1472,"",13622,""
"Chile","Salmons, smoked",2004,2444,"",22451,""
"Chile","Salmons, smoked",2005,2493,"",24486,""
"Chile","Salmons, smoked",2006,2674,"",30680,""
"Chile","Salmons, smoked",2007,2898,"",37209,""
"Chile","Salmons, smoked",2008,3229,"",41190,""
"Chile","Salmons, smoked",2009,2755,"",35547,""
"Chile","Salmons, smoked",2010,2435,"",35320,""
"Chile","Salmons, smoked",2011,3343,"",52662,""
"Chile","Salmons, smoked",2012,3102,"",44935,""
"Chile","Salmons, smoked",2013,2853,"",46148,""
"Chile","Salmons, smoked",2014,2386,"",42875,""
"Chile","Salmons, smoked",2015,2248,"",37714,""
"Chile","Salmons, smoked",2016,1699,"",29180,""
"Chile","Salmons, smoked",2017,2048,"",41355,""
"Chile","Salmons, smoked",2018,2659,"",49227,""
"Chile","Salmons, smoked",2019,2214.05,"",41472.3,""
"Chile","Salmons, smoked",2020,2285.96,"",44727.19,""
"Chile","Salmons, smoked",2021,2339.35,"",48696.12,""
"Chile","Salmons, smoked",2022,2545.97,"",58127.55,""
"Chile","Salmons, smoked",2023,2131.91,"",45496.11,""
"Chile","Salmons, smoked",2024,2842.99,"",60641.09,""
"Norway","Atlantic and Danube salmons, fresh or chilled",1976,979,"",5740,""
"Norway","Atlantic and Danube salmons, fresh or chilled",1977,1288,"",8678,""
"Norway","Atlantic and Danube salmons, fresh or chilled",1978,2545,"",16118,""
"Norway","Atlantic and Danube salmons, fresh or chilled",1979,3587,"",30906,""
"Norway","Atlantic and Danube salmons, fresh or chilled",1980,3003,"",32687,""
"Norway","Atlantic and Danube salmons, fresh or chilled",1981,5595,"",37513,""
"Norway","Atlantic and Danube salmons, fresh or chilled",1982,7981,"",52410,""
"Norway","Atlantic and Danube salmons, fresh or chilled",1983,13189,"",81154,""
"Norway","Atlantic and Danube salmons, fresh or chilled",1984,17465,"",101899,""
"Norway","Atlantic and Danube salmons, fresh or chilled",1985,21566,"",136528,""
"Norway","Atlantic and Danube salmons, fresh or chilled",1986,34506,"",198171,""
"Norway","Atlantic and Danube salmons, fresh or chilled",1987,39304,"",293524,""
"Norway","Atlantic and Danube salmons, fresh or chilled",1988,56098,"",399578,""
"Norway","Atlantic and Danube salmons, fresh or chilled",1989,81159,"",428689,""
"Norway","Atlantic and Danube salmons, fresh or chilled",1990,92861,"",548489,""
"Norway","Atlantic and Danube salmons, fresh or chilled",1991,91309,"",487826,""
"Norway","Atlantic and Danube salmons, fresh or chilled",1992,108052,"",631193,""
"Norway","Atlantic and Danube salmons, fresh or chilled",1993,118348,"",577644,""
"Norway","Atlantic and Danube salmons, fresh or chilled",1994,140747,"",697249,""
"Norway","Atlantic and Danube salmons, fresh or chilled",1995,169445,"",791020,""
"Norway","Atlantic and Danube salmons, fresh or chilled",1996,191122,"",781588,""
"Norway","Atlantic and Danube salmons, fresh or chilled",1997,205235,"",763468,""
"Norway","Atlantic and Danube salmons, fresh or chilled",1998,221143,"",820863,""
"Norway","Atlantic and Danube salmons, fresh or chilled",1999,251728,"",900661,""
"Norway","Atlantic and Danube salmons, fresh or chilled",2000,265744,"",954263,""
"Norway","Atlantic and Danube salmons, fresh or chilled",2001,260617,"",749180,""
"Norway","Atlantic and Danube salmons, fresh or chilled",2002,274453,"",808037,""
"Norway","Atlantic and Danube salmons, fresh or chilled",2003,316495,"",935880,""
"Norway","Atlantic and Danube salmons, fresh or chilled",2004,338544,"",1126313,""
"Norway","Atlantic and Danube salmons, fresh or chilled",2005,379273,"",1546335,""
"Norway","Atlantic and Danube salmons, fresh or chilled",2006,397922,"",1977050,""
"Norway","Atlantic and Danube salmons, fresh or chilled",2007,492496,"",2229562,""
"Norway","Atlantic and Danube salmons, fresh or chilled",2008,514773,"",2493751,""
"Norway","Atlantic and Danube salmons, fresh or chilled",2009,568066,"",2790817,""
"Norway","Atlantic and Danube salmons, fresh or chilled",2010,614507,"",3815026,""
"Norway","Atlantic and Danube salmons, fresh or chilled",2011,682600,"",3892183,""
"Norway","Atlantic and Danube salmons, fresh or chilled",2012,828938,"",3939237,""
"Norway","Atlantic and Danube salmons, fresh or chilled",2013,796301,"",5389485,""
"Norway","Atlantic and Danube salmons, fresh or chilled",2014,824923,"",5383388,""
"Norway","Atlantic and Danube salmons, fresh or chilled",2015,868981,"",4668681,""
"Norway","Atlantic and Danube salmons, fresh or chilled",2016,814312,"",5834610,""
"Norway","Atlantic and Danube salmons, fresh or chilled",2017,839346,"",6123868,""
"Norway","Atlantic and Danube salmons, fresh or chilled",2018,891202,"",6655622,""
"Norway","Atlantic and Danube salmons, fresh or chilled",2019,939340.62,"",6429774.45,""
"Norway","Atlantic and Danube salmons, fresh or chilled",2020,938864.6,"",5647470.42,""
"Norway","Atlantic and Danube salmons, fresh or chilled",2021,1040873.39,"",7111900.28,""
"Norway","Atlantic and Danube salmons, fresh or chilled",2022,995462.87,"",8143671.43,""
"Norway","Atlantic and Danube salmons, fresh or chilled",2023,984133.87,"",8602729.99,""
"Norway","Atlantic and Danube salmons, fresh or chilled",2024,964789.33,"",8055020.35,""
"Norway","Atlantic salmon and Danube salmon, frozen",1976,916,"",7341,""
"Norway","Atlantic salmon and Danube salmon, frozen",1977,973,"",8022,""
"Norway","Atlantic salmon and Danube salmon, frozen",1978,1074,"",7949,""
"Norway","Atlantic salmon and Danube salmon, frozen",1979,1308,"",13506,""
"Norway","Atlantic salmon and Danube salmon, frozen",1980,1218,"",15259,""
"Norway","Atlantic salmon and Danube salmon, frozen",1981,2198,"",16498,""
"Norway","Atlantic salmon and Danube salmon, frozen",1982,1560,"",12161,""
"Norway","Atlantic salmon and Danube salmon, frozen",1983,2550,"",18733,""
"Norway","Atlantic salmon and Danube salmon, frozen",1984,2619,"",17377,""
"Norway","Atlantic salmon and Danube salmon, frozen",1985,2821,"",19434,""
"Norway","Atlantic salmon and Danube salmon, frozen",1986,4670,"",29112,""
"Norway","Atlantic salmon and Danube salmon, frozen",1987,4235,"",32979,""
"Norway","Atlantic salmon and Danube salmon, frozen",1988,10035,"",75029,""
"Norway","Atlantic salmon and Danube salmon, frozen",1989,14920,"",79693,""
"Norway","Atlantic salmon and Danube salmon, frozen",1990,37961,"",226591,""
"Norway","Atlantic salmon and Danube salmon, frozen",1991,35425,"",201807,""
"Norway","Atlantic salmon and Danube salmon, frozen",1992,15150,"",84385,""
"Norway","Atlantic salmon and Danube salmon, frozen",1993,13203,"",66054,""
"Norway","Atlantic salmon and Danube salmon, frozen",1994,13245,"",68710,""
"Norway","Atlantic salmon and Danube salmon, frozen",1995,19719,"",103580,""
"Norway","Atlantic salmon and Danube salmon, frozen",1996,23024,"",101047,""
"Norway","Atlantic salmon and Danube salmon, frozen",1997,27875,"",114055,""
"Norway","Atlantic salmon and Danube salmon, frozen",1998,29660,"",118971,""
"Norway","Atlantic salmon and Danube salmon, frozen",1999,41102,"",163992,""
"Norway","Atlantic salmon and Danube salmon, frozen",2000,36182,"",153336,""
"Norway","Atlantic salmon and Danube salmon, frozen",2001,38192,"",111774,""
"Norway","Atlantic salmon and Danube salmon, frozen",2002,39556,"",114685,""
"Norway","Atlantic salmon and Danube salmon, frozen",2003,45873,"",149285,""
"Norway","Atlantic salmon and Danube salmon, frozen",2004,48998,"",173480,""
"Norway","Atlantic salmon and Danube salmon, frozen",2005,41392,"",170048,""
"Norway","Atlantic salmon and Danube salmon, frozen",2006,44767,"",232372,""
"Norway","Atlantic salmon and Danube salmon, frozen",2007,49970,"",218803,""
"Norway","Atlantic salmon and Danube salmon, frozen",2008,42747,"",202088,""
"Norway","Atlantic salmon and Danube salmon, frozen",2009,43541,"",197426,""
"Norway","Atlantic salmon and Danube salmon, frozen",2010,50261,"",272285,""
"Norway","Atlantic salmon and Danube salmon, frozen",2011,51018,"",278170,""
"Norway","Atlantic salmon and Danube salmon, frozen",2012,50366,"",207494,""
"Norway","Atlantic salmon and Danube salmon, frozen",2013,44535,"",236857,""
"Norway","Atlantic salmon and Danube salmon, frozen",2014,44260,"",233374,""
"Norway","Atlantic salmon and Danube salmon, frozen",2015,34788,"",145452,""
"Norway","Atlantic salmon and Danube salmon, frozen",2016,34104,"",154139,""
"Norway","Atlantic salmon and Danube salmon, frozen",2017,22126,"",170160,""
"Norway","Atlantic salmon and Danube salmon, frozen",2018,17708,"",129750,""
"Norway","Atlantic salmon and Danube salmon, frozen",2019,20619.68,"E",138984.31,""
"Norway","Atlantic salmon and Danube salmon, frozen",2020,15553.19,"E",94295.48,""
"Norway","Atlantic salmon and Danube salmon, frozen",2021,23684.3,"",156434.59,""
"Norway","Atlantic salmon and Danube salmon, frozen",2022,21690.84,"",186295.18,""
"Norway","Atlantic salmon and Danube salmon, frozen",2023,21586.34,"",188499.07,""
"Norway","Atlantic salmon and Danube salmon, frozen",2024,26958.7,"",207566.78,""
"Norway","Atlantic salmon, not minced, prepared or preserved",1976,0,"...",0,"..."
"Norway","Atlantic salmon, not minced, prepared or preserved",1977,0,"...",0,"N"
"Norway","Atlantic salmon, not minced, prepared or preserved",1978,6,"",13,""
"Norway","Atlantic salmon, not minced, prepared or preserved",1979,0,"...",4,""
"Norway","Atlantic salmon, not minced, prepared or preserved",1980,0,"...",2,""
"Norway","Atlantic salmon, not minced, prepared or preserved",1981,0,"...",1,""
"Norway","Atlantic salmon, not minced, prepared or preserved",1982,0,"...",3,""
"Norway","Atlantic salmon, not minced, prepared or preserved",1983,1,"",5,""
"Norway","Atlantic salmon, not minced, prepared or preserved",1984,0,"...",0,"N"
"Norway","Atlantic salmon, not minced, prepared or preserved",1985,0,"...",7,""
"Norway","Atlantic salmon, not minced, prepared or preserved",1986,1,"",11,""
"Norway","Atlantic salmon, not minced, prepared or preserved",1987,38,"",665,""
"Norway","Atlantic salmon, not minced, prepared or preserved",1988,102,"",1427,""
"Norway","Atlantic salmon, not minced, prepared or preserved",1989,142,"",2009,""
"Norway","Atlantic salmon, not minced, prepared or preserved",1990,181,"",2807,""
"Norway","Atlantic salmon, not minced, prepared or preserved",1991,339,"",4047,""
"Norway","Atlantic salmon, not minced, prepared or preserved",1992,1242,"",14640,""
"Norway","Atlantic salmon, not minced, prepared or preserved",1993,1525,"",15411,""
"Norway","Atlantic salmon, not minced, prepared or preserved",1994,1280,"",12122,""
"Norway","Atlantic salmon, not minced, prepared or preserved",1995,947,"",11523,""
"Norway","Atlantic salmon, not minced, prepared or preserved",1996,944,"",10492,""
"Norway","Atlantic salmon, not minced, prepared or preserved",1997,852,"",9452,""
"Norway","Atlantic salmon, not minced, prepared or preserved",1998,813,"",8418,""
"Norway","Atlantic salmon, not minced, prepared or preserved",1999,744,"",7543,""
"Norway","Atlantic salmon, not minced, prepared or preserved",2000,1343,"",13210,""
"Norway","Atlantic salmon, not minced, prepared or preserved",2001,1009,"",9377,""
"Norway","Atlantic salmon, not minced, prepared or preserved",2002,854,"",8518,""
"Norway","Atlantic salmon, not minced, prepared or preserved",2003,527,"",5799,""
"Norway","Atlantic salmon, not minced, prepared or preserved",2004,462,"",4122,""
"Norway","Atlantic salmon, not minced, prepared or preserved",2005,501,"",4463,""
"Norway","Atlantic salmon, not minced, prepared or preserved",2006,365,"",4147,""
"Norway","Atlantic salmon, not minced, prepared or preserved",2007,843,"",9582,""
"Norway","Atlantic salmon, not minced, prepared or preserved",2008,1153,"",14208,""
"Norway","Atlantic salmon, not minced, prepared or preserved",2009,406,"",5053,""
"Norway","Atlantic salmon, not minced, prepared or preserved",2010,421,"",6085,""
"Norway","Atlantic salmon, not minced, prepared or preserved",2011,392,"",6048,""
"Norway","Atlantic salmon, not minced, prepared or preserved",2012,342,"",4403,""
"Norway","Atlantic salmon, not minced, prepared or preserved",2013,322,"",4218,""
"Norway","Atlantic salmon, not minced, prepared or preserved",2014,335,"",4377,""
"Norway","Atlantic salmon, not minced, prepared or preserved",2015,242,"",3024,""
"Norway","Atlantic salmon, not minced, prepared or preserved",2016,238,"",2994,""
"Norway","Atlantic salmon, not minced, prepared or preserved",2017,212,"",3475,""
"Norway","Atlantic salmon, not minced, prepared or preserved",2018,192,"",2814,""
"Norway","Atlantic salmon, not minced, prepared or preserved",2019,141.83,"E",2237.13,""
"Norway","Atlantic salmon, not minced, prepared or preserved",2020,181.41,"E",2470.66,""
"Norway","Atlantic salmon, not minced, prepared or preserved",2021,254.05,"",2841.41,""
"Norway","Atlantic salmon, not minced, prepared or preserved",2022,229.64,"",3189.9,""
"Norway","Atlantic salmon, not minced, prepared or preserved",2023,72.05,"",1215.88,""
"Norway","Atlantic salmon, not minced, prepared or preserved",2024,96.6,"",1692.5,""
"Norway","Pacific salmons, fresh or chilled",1976,0,"...",0,"..."
"Norway","Pacific salmons, fresh or chilled",1977,0,"...",0,"..."
"Norway","Pacific salmons, fresh or chilled",1978,0,"...",0,"..."
"Norway","Pacific salmons, fresh or chilled",1979,0,"...",0,"..."
"Norway","Pacific salmons, fresh or chilled",1980,0,"...",0,"..."
"Norway","Pacific salmons, fresh or chilled",1981,0,"...",0,"..."
"Norway","Pacific salmons, fresh or chilled",1982,0,"...",0,"..."
"Norway","Pacific salmons, fresh or chilled",1983,0,"...",0,"..."
"Norway","Pacific salmons, fresh or chilled",1984,0,"...",0,"..."
"Norway","Pacific salmons, fresh or chilled",1985,0,"...",0,"..."
"Norway","Pacific salmons, fresh or chilled",1986,0,"...",0,"..."
"Norway","Pacific salmons, fresh or chilled",1987,0,"...",0,"..."
"Norway","Pacific salmons, fresh or chilled",1988,0,"...",0,"..."
"Norway","Pacific salmons, fresh or chilled",1989,0,"...",0,"..."
"Norway","Pacific salmons, fresh or chilled",1990,0,"...",0,"..."
"Norway","Pacific salmons, fresh or chilled",1991,0,"...",0,"..."
"Norway","Pacific salmons, fresh or chilled",1992,0,"...",0,"..."
"Norway","Pacific salmons, fresh or chilled",1993,0,"...",0,"..."
"Norway","Pacific salmons, fresh or chilled",1994,0,"...",0,"..."
"Norway","Pacific salmons, fresh or chilled",1995,0,"...",0,"..."
"Norway","Pacific salmons, fresh or chilled",1996,0,"...",0,"..."
"Norway","Pacific salmons, fresh or chilled",1997,0,"...",0,"..."
"Norway","Pacific salmons, fresh or chilled",1998,0,"...",0,"..."
"Norway","Pacific salmons, fresh or chilled",1999,0,"...",0,"..."
"Norway","Pacific salmons, fresh or chilled",2000,0,"...",0,"..."
"Norway","Pacific salmons, fresh or chilled",2001,0,"...",0,"..."
"Norway","Pacific salmons, fresh or chilled",2002,0,"...",0,"..."
"Norway","Pacific salmons, fresh or chilled",2003,0,"...",0,"..."
"Norway","Pacific salmons, fresh or chilled",2004,0,"...",0,"..."
"Norway","Pacific salmons, fresh or chilled",2005,0,"...",0,"..."
"Norway","Pacific salmons, fresh or chilled",2006,0,"...",0,"..."
"Norway","Pacific salmons, fresh or chilled",2007,0,"...",0,"..."
"Norway","Pacific salmons, fresh or chilled",2008,0,"...",0,"..."
"Norway","Pacific salmons, fresh or chilled",2009,0,"...",0,"..."
"Norway","Pacific salmons, fresh or chilled",2010,0,"...",0,"..."
"Norway","Pacific salmons, fresh or chilled",2011,0,"...",0,"..."
"Norway","Pacific salmons, fresh or chilled",2012,0,"...",0,"..."
"Norway","Pacific salmons, fresh or chilled",2013,0,"...",0,"..."
"Norway","Pacific salmons, fresh or chilled",2014,0,"...",0,"..."
"Norway","Pacific salmons, fresh or chilled",2015,0,"...",0,"..."
"Norway","Pacific salmons, fresh or chilled",2016,0,"...",0,"..."
"Norway","Pacific salmons, fresh or chilled",2017,0,"...",0,"..."
"Norway","Pacific salmons, fresh or chilled",2018,0,"...",0,"..."
"Norway","Pacific salmons, fresh or chilled",2019,0,"...",0,"..."
"Norway","Pacific salmons, fresh or chilled",2020,0,"...",0,"..."
"Norway","Pacific salmons, fresh or chilled",2021,0,"...",0,"..."
"Norway","Pacific salmons, fresh or chilled",2022,3.57,"",74.36,""
"Norway","Pacific salmons, fresh or chilled",2023,51.37,"",225.46,""
"Norway","Pacific salmons, fresh or chilled",2024,0.8,"",8.75,""
"Norway","Pacific salmons, frozen, nei",1976,0,"...",0,"..."
"Norway","Pacific salmons, frozen, nei",1977,0,"...",0,"..."
"Norway","Pacific salmons, frozen, nei",1978,0,"...",0,"..."
"Norway","Pacific salmons, frozen, nei",1979,0,"...",0,"..."
"Norway","Pacific salmons, frozen, nei",1980,0,"...",0,"..."
"Norway","Pacific salmons, frozen, nei",1981,0,"...",0,"..."
"Norway","Pacific salmons, frozen, nei",1982,0,"...",0,"..."
"Norway","Pacific salmons, frozen, nei",1983,0,"...",0,"..."
"Norway","Pacific salmons, frozen, nei",1984,0,"...",0,"..."
"Norway","Pacific salmons, frozen, nei",1985,0,"...",0,"..."
"Norway","Pacific salmons, frozen, nei",1986,0,"...",0,"..."
"Norway","Pacific salmons, frozen, nei",1987,0,"...",0,"..."
"Norway","Pacific salmons, frozen, nei",1988,26,"",249,""
"Norway","Pacific salmons, frozen, nei",1989,693,"",3559,""
"Norway","Pacific salmons, frozen, nei",1990,0,"...",0,"..."
"Norway","Pacific salmons, frozen, nei",1991,0,"...",0,"..."
"Norway","Pacific salmons, frozen, nei",1992,0,"...",0,"..."
"Norway","Pacific salmons, frozen, nei",1993,0,"...",0,"..."
"Norway","Pacific salmons, frozen, nei",1994,0,"...",0,"..."
"Norway","Pacific salmons, frozen, nei",1995,0,"...",0,"..."
"Norway","Pacific salmons, frozen, nei",1996,0,"...",0,"..."
"Norway","Pacific salmons, frozen, nei",1997,0,"...",0,"..."
"Norway","Pacific salmons, frozen, nei",1998,0,"...",0,"..."
"Norway","Pacific salmons, frozen, nei",1999,0,"...",0,"..."
"Norway","Pacific salmons, frozen, nei",2000,19,"",80,""
"Norway","Pacific salmons, frozen, nei",2001,0,"...",0,"..."
"Norway","Pacific salmons, frozen, nei",2002,1,"",12,""
"Norway","Pacific salmons, frozen, nei",2003,36,"",81,""
"Norway","Pacific salmons, frozen, nei",2004,61,"",174,""
"Norway","Pacific salmons, frozen, nei",2005,0,"N",1,""
"Norway","Pacific salmons, frozen, nei",2006,0,"...",0,"..."
"Norway","Pacific salmons, frozen, nei",2007,0,"...",0,"..."
"Norway","Pacific salmons, frozen, nei",2008,0,"...",0,"..."
"Norway","Pacific salmons, frozen, nei",2009,0,"...",0,"..."
"Norway","Pacific salmons, frozen, nei",2010,0,"...",0,"..."
"Norway","Pacific salmons, frozen, nei",2011,0,"...",0,"..."
"Norway","Pacific salmons, frozen, nei",2012,0,"...",0,"..."
"Norway","Pacific salmons, frozen, nei",2013,0,"...",0,"..."
"Norway","Pacific salmons, frozen, nei",2014,0,"...",0,"..."
"Norway","Pacific salmons, frozen, nei",2015,0,"...",0,"..."
"Norway","Pacific salmons, frozen, nei",2016,0,"...",0,"..."
"Norway","Pacific salmons, frozen, nei",2017,2,"",15,""
"Norway","Pacific salmons, frozen, nei",2018,0,"...",0,"..."
"Norway","Pacific salmons, frozen, nei",2019,0,"...",0,"..."
"Norway","Pacific salmons, frozen, nei",2020,0,"...",0,"..."
"Norway","Pacific salmons, frozen, nei",2021,0,"...",0,"..."
"Norway","Pacific salmons, frozen, nei",2022,0,"...",0,"..."
"Norway","Pacific salmons, frozen, nei",2023,0,"...",0,"..."
"Norway","Pacific salmons, frozen, nei",2024,28.44,"",82.56,""
"Norway","Salmon fillets, fresh or chilled",1976,0,"...",0,"..."
"Norway","Salmon fillets, fresh or chilled",1977,0,"...",0,"..."
"Norway","Salmon fillets, fresh or chilled",1978,0,"...",0,"..."
"Norway","Salmon fillets, fresh or chilled",1979,0,"...",0,"..."
"Norway","Salmon fillets, fresh or chilled",1980,0,"...",0,"..."
"Norway","Salmon fillets, fresh or chilled",1981,0,"...",0,"..."
"Norway","Salmon fillets, fresh or chilled",1982,0,"...",0,"..."
"Norway","Salmon fillets, fresh or chilled",1983,0,"...",0,"..."
"Norway","Salmon fillets, fresh or chilled",1984,0,"...",0,"..."
"Norway","Salmon fillets, fresh or chilled",1985,0,"...",0,"..."
"Norway","Salmon fillets, fresh or chilled",1986,0,"...",0,"..."
"Norway","Salmon fillets, fresh or chilled",1987,0,"...",0,"..."
"Norway","Salmon fillets, fresh or chilled",1988,0,"...",0,"..."
"Norway","Salmon fillets, fresh or chilled",1989,0,"...",0,"..."
"Norway","Salmon fillets, fresh or chilled",1990,0,"...",0,"..."
"Norway","Salmon fillets, fresh or chilled",1991,2228,"",19294,""
"Norway","Salmon fillets, fresh or chilled",1992,2514,"",24074,""
"Norway","Salmon fillets, fresh or chilled",1993,3190,"",26317,""
"Norway","Salmon fillets, fresh or chilled",1994,4820,"",39378,""
"Norway","Salmon fillets, fresh or chilled",1995,6010,"",49792,""
"Norway","Salmon fillets, fresh or chilled",1996,10278,"",70547,""
"Norway","Salmon fillets, fresh or chilled",1997,12434,"",78133,""
"Norway","Salmon fillets, fresh or chilled",1998,12432,"",78014,""
"Norway","Salmon fillets, fresh or chilled",1999,18051,"",114766,""
"Norway","Salmon fillets, fresh or chilled",2000,15552,"",96532,""
"Norway","Salmon fillets, fresh or chilled",2001,14306,"",74461,""
"Norway","Salmon fillets, fresh or chilled",2002,17450,"",90364,""
"Norway","Salmon fillets, fresh or chilled",2003,21667,"",113490,""
"Norway","Salmon fillets, fresh or chilled",2004,27309,"",150440,""
"Norway","Salmon fillets, fresh or chilled",2005,27002,"",178455,""
"Norway","Salmon fillets, fresh or chilled",2006,29013,"",227430,""
"Norway","Salmon fillets, fresh or chilled",2007,33201,"",264188,""
"Norway","Salmon fillets, fresh or chilled",2008,35330,"",285228,""
"Norway","Salmon fillets, fresh or chilled",2009,57099,"",428730,""
"Norway","Salmon fillets, fresh or chilled",2010,66916,"",610141,""
"Norway","Salmon fillets, fresh or chilled",2011,55200,"",526747,""
"Norway","Salmon fillets, fresh or chilled",2012,66844,"",495294,""
"Norway","Salmon fillets, fresh or chilled",2013,69205,"",651585,""
"Norway","Salmon fillets, fresh or chilled",2014,77034,"",749058,""
"Norway","Salmon fillets, fresh or chilled",2015,81138,"",695151,""
"Norway","Salmon fillets, fresh or chilled",2016,83311,"",835201,""
"Norway","Salmon fillets, fresh or chilled",2017,75119,"",852782,""
"Norway","Salmon fillets, fresh or chilled",2018,77801,"",917801,""
"Norway","Salmon fillets, fresh or chilled",2019,85145.25,"",1008316.29,""
"Norway","Salmon fillets, fresh or chilled",2020,101358.18,"",1045881.17,""
"Norway","Salmon fillets, fresh or chilled",2021,123144.7,"",1345540.15,""
"Norway","Salmon fillets, fresh or chilled",2022,130829.64,"",1596962.38,""
"Norway","Salmon fillets, fresh or chilled",2023,121149.85,"",1688534.11,""
"Norway","Salmon fillets, fresh or chilled",2024,142480.14,"",1970925.43,""
"Norway","Salmon fillets, frozen",1976,0,"...",0,"..."
"Norway","Salmon fillets, frozen",1977,0,"...",0,"..."
"Norway","Salmon fillets, frozen",1978,0,"...",0,"..."
"Norway","Salmon fillets, frozen",1979,0,"...",0,"..."
"Norway","Salmon fillets, frozen",1980,0,"...",0,"..."
"Norway","Salmon fillets, frozen",1981,0,"...",0,"..."
"Norway","Salmon fillets, frozen",1982,0,"...",0,"..."
"Norway","Salmon fillets, frozen",1983,0,"...",0,"..."
"Norway","Salmon fillets, frozen",1984,0,"...",0,"..."
"Norway","Salmon fillets, frozen",1985,0,"...",0,"..."
"Norway","Salmon fillets, frozen",1986,0,"...",0,"..."
"Norway","Salmon fillets, frozen",1987,0,"...",0,"..."
"Norway","Salmon fillets, frozen",1988,0,"...",0,"..."
"Norway","Salmon fillets, frozen",1989,0,"...",0,"..."
"Norway","Salmon fillets, frozen",1990,0,"...",0,"..."
"Norway","Salmon fillets, frozen",1991,3672,"",33563,""
"Norway","Salmon fillets, frozen",1992,4727,"",45492,""
"Norway","Salmon fillets, frozen",1993,5121,"",45585,""
"Norway","Salmon fillets, frozen",1994,8197,"",68603,""
"Norway","Salmon fillets, frozen",1995,9334,"",89485,""
"Norway","Salmon fillets, frozen",1996,10630,"",92058,""
"Norway","Salmon fillets, frozen",1997,12383,"",89792,""
"Norway","Salmon fillets, frozen",1998,13406,"",97690,""
"Norway","Salmon fillets, frozen",1999,19052,"",143336,""
"Norway","Salmon fillets, frozen",2000,18691,"",136602,""
"Norway","Salmon fillets, frozen",2001,19638,"",126281,""
"Norway","Salmon fillets, frozen",2002,22942,"",137333,""
"Norway","Salmon fillets, frozen",2003,24742,"",164405,""
"Norway","Salmon fillets, frozen",2004,20513,"",158987,""
"Norway","Salmon fillets, frozen",2005,21475,"",148605,""
"Norway","Salmon fillets, frozen",2006,22628,"",191832,""
"Norway","Salmon fillets, frozen",2007,15737,"",167151,""
"Norway","Salmon fillets, frozen",2008,14807,"",158034,""
"Norway","Salmon fillets, frozen",2009,28721,"",290033,""
"Norway","Salmon fillets, frozen",2010,33765,"",391288,""
"Norway","Salmon fillets, frozen",2011,33658,"",420798,""
"Norway","Salmon fillets, frozen",2012,37020,"",371824,""
"Norway","Salmon fillets, frozen",2013,35529,"",405019,""
"Norway","Salmon fillets, frozen",2014,40445,"",510041,""
"Norway","Salmon fillets, frozen",2015,38044,"",390642,""
"Norway","Salmon fillets, frozen",2016,37474,"",429286,""
"Norway","Salmon fillets, frozen",2017,43752,"",576960,""
"Norway","Salmon fillets, frozen",2018,40623,"",522608,""
"Norway","Salmon fillets, frozen",2019,45618.84,"E",551862.85,""
"Norway","Salmon fillets, frozen",2020,52789.56,"",609562.06,""
"Norway","Salmon fillets, frozen",2021,60719.41,"",729767.08,""
"Norway","Salmon fillets, frozen",2022,64640.08,"",909635.23,""
"Norway","Salmon fillets, frozen",2023,62777.31,"",926395.28,""
"Norway","Salmon fillets, frozen",2024,71819.79,"",1007157.57,""
"Norway","Salmon nei, not minced, prep.or pres, in airtight containers",1976,0,"...",0,"..."
"Norway","Salmon nei, not minced, prep.or pres, in airtight containers",1977,0,"...",0,"..."
"Norway","Salmon nei, not minced, prep.or pres, in airtight containers",1978,0,"...",0,"..."
"Norway","Salmon nei, not minced, prep.or pres, in airtight containers",1979,0,"...",0,"..."
"Norway","Salmon nei, not minced, prep.or pres, in airtight containers",1980,0,"...",0,"..."
"Norway","Salmon nei, not minced, prep.or pres, in airtight containers",1981,0,"...",0,"..."
"Norway","Salmon nei, not minced, prep.or pres, in airtight containers",1982,0,"...",0,"..."
"Norway","Salmon nei, not minced, prep.or pres, in airtight containers",1983,0,"...",0,"..."
"Norway","Salmon nei, not minced, prep.or pres, in airtight containers",1984,0,"...",0,"..."
"Norway","Salmon nei, not minced, prep.or pres, in airtight containers",1985,0,"...",0,"..."
"Norway","Salmon nei, not minced, prep.or pres, in airtight containers",1986,0,"...",0,"..."
"Norway","Salmon nei, not minced, prep.or pres, in airtight containers",1987,0,"...",0,"..."
"Norway","Salmon nei, not minced, prep.or pres, in airtight containers",1988,0,"...",0,"..."
"Norway","Salmon nei, not minced, prep.or pres, in airtight containers",1989,0,"...",0,"..."
"Norway","Salmon nei, not minced, prep.or pres, in airtight containers",1990,0,"...",0,"..."
"Norway","Salmon nei, not minced, prep.or pres, in airtight containers",1991,0,"...",0,"..."
"Norway","Salmon nei, not minced, prep.or pres, in airtight containers",1992,0,"...",0,"..."
"Norway","Salmon nei, not minced, prep.or pres, in airtight containers",1993,0,"...",0,"..."
"Norway","Salmon nei, not minced, prep.or pres, in airtight containers",1994,0,"...",0,"..."
"Norway","Salmon nei, not minced, prep.or pres, in airtight containers",1995,0,"...",0,"..."
"Norway","Salmon nei, not minced, prep.or pres, in airtight containers",1996,0,"...",0,"..."
"Norway","Salmon nei, not minced, prep.or pres, in airtight containers",1997,145,"",1512,""
"Norway","Salmon nei, not minced, prep.or pres, in airtight containers",1998,277,"",1850,""
"Norway","Salmon nei, not minced, prep.or pres, in airtight containers",1999,57,"",475,""
"Norway","Salmon nei, not minced, prep.or pres, in airtight containers",2000,71,"",174,""
"Norway","Salmon nei, not minced, prep.or pres, in airtight containers",2001,162,"",1005,""
"Norway","Salmon nei, not minced, prep.or pres, in airtight containers",2002,90,"",654,""
"Norway","Salmon nei, not minced, prep.or pres, in airtight containers",2003,185,"",1866,""
"Norway","Salmon nei, not minced, prep.or pres, in airtight containers",2004,108,"",1152,""
"Norway","Salmon nei, not minced, prep.or pres, in airtight containers",2005,51,"",657,""
"Norway","Salmon nei, not minced, prep.or pres, in airtight containers",2006,43,"",569,""
"Norway","Salmon nei, not minced, prep.or pres, in airtight containers",2007,886,"",9337,""
"Norway","Salmon nei, not minced, prep.or pres, in airtight containers",2008,736,"",7615,""
"Norway","Salmon nei, not minced, prep.or pres, in airtight containers",2009,9,"",173,""
"Norway","Salmon nei, not minced, prep.or pres, in airtight containers",2010,5,"",105,""
"Norway","Salmon nei, not minced, prep.or pres, in airtight containers",2011,3,"",51,""
"Norway","Salmon nei, not minced, prep.or pres, in airtight containers",2012,1,"",31,""
"Norway","Salmon nei, not minced, prep.or pres, in airtight containers",2013,2,"",40,""
"Norway","Salmon nei, not minced, prep.or pres, in airtight containers",2014,3,"",57,""
"Norway","Salmon nei, not minced, prep.or pres, in airtight containers",2015,6,"",84,""
"Norway","Salmon nei, not minced, prep.or pres, in airtight containers",2016,0,"...",0,"..."
"Norway","Salmon nei, not minced, prep.or pres, in airtight containers",2017,4,"",68,""
"Norway","Salmon nei, not minced, prep.or pres, in airtight containers",2018,6,"",119,""
"Norway","Salmon nei, not minced, prep.or pres, in airtight containers",2019,29.08,"E",479.22,""
"Norway","Salmon nei, not minced, prep.or pres, in airtight containers",2020,81.38,"E",1311.35,""
"Norway","Salmon nei, not minced, prep.or pres, in airtight containers",2021,86.58,"",1388,""
"Norway","Salmon nei, not minced, prep.or pres, in airtight containers",2022,77.49,"",1258.04,""
"Norway","Salmon nei, not minced, prep.or pres, in airtight containers",2023,76.89,"",1310.36,""
"Norway","Salmon nei, not minced, prep.or pres, in airtight containers",2024,57.2,"",1083.28,""
"Norway","Salmonoids meat, fresh or chilled, nei",1976,0,"...",0,"..."
"Norway","Salmonoids meat, fresh or chilled, nei",1977,0,"...",0,"..."
"Norway","Salmonoids meat, fresh or chilled, nei",1978,0,"...",0,"..."
"Norway","Salmonoids meat, fresh or chilled, nei",1979,0,"...",0,"..."
"Norway","Salmonoids meat, fresh or chilled, nei",1980,0,"...",0,"..."
"Norway","Salmonoids meat, fresh or chilled, nei",1981,0,"...",0,"..."
"Norway","Salmonoids meat, fresh or chilled, nei",1982,0,"...",0,"..."
"Norway","Salmonoids meat, fresh or chilled, nei",1983,0,"...",0,"..."
"Norway","Salmonoids meat, fresh or chilled, nei",1984,0,"...",0,"..."
"Norway","Salmonoids meat, fresh or chilled, nei",1985,0,"...",0,"..."
"Norway","Salmonoids meat, fresh or chilled, nei",1986,0,"...",0,"..."
"Norway","Salmonoids meat, fresh or chilled, nei",1987,0,"...",0,"..."
"Norway","Salmonoids meat, fresh or chilled, nei",1988,0,"...",0,"..."
"Norway","Salmonoids meat, fresh or chilled, nei",1989,0,"...",0,"..."
"Norway","Salmonoids meat, fresh or chilled, nei",1990,0,"...",0,"..."
"Norway","Salmonoids meat, fresh or chilled, nei",1991,0,"...",0,"..."
"Norway","Salmonoids meat, fresh or chilled, nei",1992,0,"...",0,"..."
"Norway","Salmonoids meat, fresh or chilled, nei",1993,0,"...",0,"..."
"Norway","Salmonoids meat, fresh or chilled, nei",1994,0,"...",0,"..."
"Norway","Salmonoids meat, fresh or chilled, nei",1995,0,"...",0,"..."
"Norway","Salmonoids meat, fresh or chilled, nei",1996,0,"...",0,"..."
"Norway","Salmonoids meat, fresh or chilled, nei",1997,0,"...",0,"..."
"Norway","Salmonoids meat, fresh or chilled, nei",1998,0,"...",0,"..."
"Norway","Salmonoids meat, fresh or chilled, nei",1999,0,"...",0,"..."
"Norway","Salmonoids meat, fresh or chilled, nei",2000,0,"...",0,"..."
"Norway","Salmonoids meat, fresh or chilled, nei",2001,0,"...",0,"..."
"Norway","Salmonoids meat, fresh or chilled, nei",2002,0,"...",0,"..."
"Norway","Salmonoids meat, fresh or chilled, nei",2003,0,"...",0,"..."
"Norway","Salmonoids meat, fresh or chilled, nei",2004,0,"...",0,"..."
"Norway","Salmonoids meat, fresh or chilled, nei",2005,0,"...",0,"..."
"Norway","Salmonoids meat, fresh or chilled, nei",2006,0,"...",0,"..."
"Norway","Salmonoids meat, fresh or chilled, nei",2007,259,"",2371,""
"Norway","Salmonoids meat, fresh or chilled, nei",2008,99,"",1250,""
"Norway","Salmonoids meat, fresh or chilled, nei",2009,145,"",1864,""
"Norway","Salmonoids meat, fresh or chilled, nei",2010,42,"",182,""
"Norway","Salmonoids meat, fresh or chilled, nei",2011,10,"",65,""
"Norway","Salmonoids meat, fresh or chilled, nei",2012,0,"...",0,"..."
"Norway","Salmonoids meat, fresh or chilled, nei",2013,20,"",175,""
"Norway","Salmonoids meat, fresh or chilled, nei",2014,3,"",17,""
"Norway","Salmonoids meat, fresh or chilled, nei",2015,2,"",30,""
"Norway","Salmonoids meat, fresh or chilled, nei",2016,2,"",4,""
"Norway","Salmonoids meat, fresh or chilled, nei",2017,4,"",93,""
"Norway","Salmonoids meat, fresh or chilled, nei",2018,9,"",210,""
"Norway","Salmonoids meat, fresh or chilled, nei",2019,9.21,"",202.56,""
"Norway","Salmonoids meat, fresh or chilled, nei",2020,7.68,"",161.61,""
"Norway","Salmonoids meat, fresh or chilled, nei",2021,6.17,"",135.37,""
"Norway","Salmonoids meat, fresh or chilled, nei",2022,5.32,"",100.23,""
"Norway","Salmonoids meat, fresh or chilled, nei",2023,18.93,"",319.45,""
"Norway","Salmonoids meat, fresh or chilled, nei",2024,1.43,"",23.37,""
"Norway","Salmonoids, frozen",1976,0,"N",2,""
"Norway","Salmonoids, frozen",1977,1,"",3,""
"Norway","Salmonoids, frozen",1978,2,"",8,""
"Norway","Salmonoids, frozen",1979,5,"",21,""
"Norway","Salmonoids, frozen",1980,9,"",39,""
"Norway","Salmonoids, frozen",1981,3,"",8,""
"Norway","Salmonoids, frozen",1982,26,"",60,""
"Norway","Salmonoids, frozen",1983,3,"",8,""
"Norway","Salmonoids, frozen",1984,3,"",10,""
"Norway","Salmonoids, frozen",1985,0,"...",0,"N"
"Norway","Salmonoids, frozen",1986,11,"",65,""
"Norway","Salmonoids, frozen",1987,12,"",154,""
"Norway","Salmonoids, frozen",1988,81,"",237,""
"Norway","Salmonoids, frozen",1989,105,"",201,""
"Norway","Salmonoids, frozen",1990,36,"",142,""
"Norway","Salmonoids, frozen",1991,56,"",124,""
"Norway","Salmonoids, frozen",1992,311,"",1716,""
"Norway","Salmonoids, frozen",1993,37,"",104,""
"Norway","Salmonoids, frozen",1994,107,"",306,""
"Norway","Salmonoids, frozen",1995,80,"",385,""
"Norway","Salmonoids, frozen",1996,809,"",655,""
"Norway","Salmonoids, frozen",1997,1140,"",2901,""
"Norway","Salmonoids, frozen",1998,656,"",2572,""
"Norway","Salmonoids, frozen",1999,1819,"",890,""
"Norway","Salmonoids, frozen",2000,1638,"",1122,""
"Norway","Salmonoids, frozen",2001,191,"",371,""
"Norway","Salmonoids, frozen",2002,252,"",426,""
"Norway","Salmonoids, frozen",2003,90,"",268,""
"Norway","Salmonoids, frozen",2004,3,"",8,""
"Norway","Salmonoids, frozen",2005,13026,"",9094,""
"Norway","Salmonoids, frozen",2006,15005,"",10116,""
"Norway","Salmonoids, frozen",2007,11870,"",11692,""
"Norway","Salmonoids, frozen",2008,10672,"",10554,""
"Norway","Salmonoids, frozen",2009,11261,"",9208,""
"Norway","Salmonoids, frozen",2010,11958,"",9174,""
"Norway","Salmonoids, frozen",2011,214,"",255,""
"Norway","Salmonoids, frozen",2012,23,"",139,""
"Norway","Salmonoids, frozen",2013,19,"",112,""
"Norway","Salmonoids, frozen",2014,23,"",145,""
"Norway","Salmonoids, frozen",2015,2,"",8,""
"Norway","Salmonoids, frozen",2016,3,"",11,""
"Norway","Salmonoids, frozen",2017,7,"",32,""
"Norway","Salmonoids, frozen",2018,4,"",19,""
"Norway","Salmonoids, frozen",2019,2,"E",8.05,""
"Norway","Salmonoids, frozen",2020,3.02,"E",13.84,""
"Norway","Salmonoids, frozen",2021,2.5,"",9.51,""
"Norway","Salmonoids, frozen",2022,5.41,"",24.9,""
"Norway","Salmonoids, frozen",2023,34.55,"",197.49,""
"Norway","Salmonoids, frozen",2024,17.71,"",116.78,""
"Norway","Salmons, fresh or chilled, nei",1976,0,"...",0,"..."
"Norway","Salmons, fresh or chilled, nei",1977,0,"...",0,"..."
"Norway","Salmons, fresh or chilled, nei",1978,0,"...",0,"..."
"Norway","Salmons, fresh or chilled, nei",1979,0,"...",0,"..."
"Norway","Salmons, fresh or chilled, nei",1980,0,"...",0,"..."
"Norway","Salmons, fresh or chilled, nei",1981,0,"...",0,"..."
"Norway","Salmons, fresh or chilled, nei",1982,0,"...",0,"..."
"Norway","Salmons, fresh or chilled, nei",1983,0,"...",0,"..."
"Norway","Salmons, fresh or chilled, nei",1984,0,"...",0,"..."
"Norway","Salmons, fresh or chilled, nei",1985,0,"...",0,"..."
"Norway","Salmons, fresh or chilled, nei",1986,0,"...",0,"..."
"Norway","Salmons, fresh or chilled, nei",1987,0,"...",0,"..."
"Norway","Salmons, fresh or chilled, nei",1988,0,"...",0,"..."
"Norway","Salmons, fresh or chilled, nei",1989,0,"...",0,"..."
"Norway","Salmons, fresh or chilled, nei",1990,0,"...",0,"..."
"Norway","Salmons, fresh or chilled, nei",1991,0,"...",0,"..."
"Norway","Salmons, fresh or chilled, nei",1992,0,"...",0,"..."
"Norway","Salmons, fresh or chilled, nei",1993,0,"...",0,"..."
"Norway","Salmons, fresh or chilled, nei",1994,0,"...",0,"..."
"Norway","Salmons, fresh or chilled, nei",1995,0,"...",0,"..."
"Norway","Salmons, fresh or chilled, nei",1996,0,"...",0,"..."
"Norway","Salmons, fresh or chilled, nei",1997,0,"...",0,"..."
"Norway","Salmons, fresh or chilled, nei",1998,1556,"",6342,""
"Norway","Salmons, fresh or chilled, nei",1999,2817,"",11346,""
"Norway","Salmons, fresh or chilled, nei",2000,2098,"",8450,""
"Norway","Salmons, fresh or chilled, nei",2001,1218,"",4197,""
"Norway","Salmons, fresh or chilled, nei",2002,1614,"",5903,""
"Norway","Salmons, fresh or chilled, nei",2003,1779,"",6310,""
"Norway","Salmons, fresh or chilled, nei",2004,1331,"",5863,""
"Norway","Salmons, fresh or chilled, nei",2005,1397,"",6924,""
"Norway","Salmons, fresh or chilled, nei",2006,1044,"",6639,""
"Norway","Salmons, fresh or chilled, nei",2007,1543,"",8030,""
"Norway","Salmons, fresh or chilled, nei",2008,1744,"",9856,""
"Norway","Salmons, fresh or chilled, nei",2009,3059,"",15795,""
"Norway","Salmons, fresh or chilled, nei",2010,4453,"",27742,""
"Norway","Salmons, fresh or chilled, nei",2011,2871,"",18610,""
"Norway","Salmons, fresh or chilled, nei",2012,0,"...",0,"..."
"Norway","Salmons, fresh or chilled, nei",2013,0,"...",0,"..."
"Norway","Salmons, fresh or chilled, nei",2014,0,"...",0,"..."
"Norway","Salmons, fresh or chilled, nei",2015,0,"...",0,"..."
"Norway","Salmons, fresh or chilled, nei",2016,0,"...",0,"..."
"Norway","Salmons, fresh or chilled, nei",2017,0,"...",0,"..."
"Norway","Salmons, fresh or chilled, nei",2018,0,"...",0,"..."
"Norway","Salmons, fresh or chilled, nei",2019,0,"...",0,"..."
"Norway","Salmons, fresh or chilled, nei",2020,0,"...",0,"..."
"Norway","Salmons, fresh or chilled, nei",2021,0,"...",0,"..."
"Norway","Salmons, fresh or chilled, nei",2022,0,"...",0,"..."
"Norway","Salmons, fresh or chilled, nei",2023,0,"...",0,"..."
"Norway","Salmons, fresh or chilled, nei",2024,0,"...",0,"..."
"Norway","Salmons, meat. frozen",1976,0,"...",0,"..."
"Norway","Salmons, meat. frozen",1977,0,"...",0,"..."
"Norway","Salmons, meat. frozen",1978,0,"...",0,"..."
"Norway","Salmons, meat. frozen",1979,0,"...",0,"..."
"Norway","Salmons, meat. frozen",1980,0,"...",0,"..."
"Norway","Salmons, meat. frozen",1981,0,"...",0,"..."
"Norway","Salmons, meat. frozen",1982,0,"...",0,"..."
"Norway","Salmons, meat. frozen",1983,0,"...",0,"..."
"Norway","Salmons, meat. frozen",1984,0,"...",0,"..."
"Norway","Salmons, meat. frozen",1985,0,"...",0,"..."
"Norway","Salmons, meat. frozen",1986,0,"...",0,"..."
"Norway","Salmons, meat. frozen",1987,0,"...",0,"..."
"Norway","Salmons, meat. frozen",1988,0,"...",0,"..."
"Norway","Salmons, meat. frozen",1989,0,"...",0,"..."
"Norway","Salmons, meat. frozen",1990,0,"...",0,"..."
"Norway","Salmons, meat. frozen",1991,0,"...",0,"..."
"Norway","Salmons, meat. frozen",1992,0,"...",0,"..."
"Norway","Salmons, meat. frozen",1993,0,"...",0,"..."
"Norway","Salmons, meat. frozen",1994,0,"...",0,"..."
"Norway","Salmons, meat. frozen",1995,0,"...",0,"..."
"Norway","Salmons, meat. frozen",1996,0,"...",0,"..."
"Norway","Salmons, meat. frozen",1997,0,"...",0,"..."
"Norway","Salmons, meat. frozen",1998,0,"...",0,"..."
"Norway","Salmons, meat. frozen",1999,0,"...",0,"..."
"Norway","Salmons, meat. frozen",2000,0,"...",0,"..."
"Norway","Salmons, meat. frozen",2001,0,"...",0,"..."
"Norway","Salmons, meat. frozen",2002,0,"...",0,"..."
"Norway","Salmons, meat. frozen",2003,0,"...",0,"..."
"Norway","Salmons, meat. frozen",2004,0,"...",0,"..."
"Norway","Salmons, meat. frozen",2005,0,"...",0,"..."
"Norway","Salmons, meat. frozen",2006,0,"...",0,"..."
"Norway","Salmons, meat. frozen",2007,9309,"",35567,""
"Norway","Salmons, meat. frozen",2008,9511,"",35037,""
"Norway","Salmons, meat. frozen",2009,8034,"",22045,""
"Norway","Salmons, meat. frozen",2010,10936,"",22428,""
"Norway","Salmons, meat. frozen",2011,10318,"",26150,""
"Norway","Salmons, meat. frozen",2012,9679,"",32723,""
"Norway","Salmons, meat. frozen",2013,8911,"",30705,""
"Norway","Salmons, meat. frozen",2014,7451,"",31066,""
"Norway","Salmons, meat. frozen",2015,7968,"",27732,""
"Norway","Salmons, meat. frozen",2016,7585,"",23747,""
"Norway","Salmons, meat. frozen",2017,6527,"",25678,""
"Norway","Salmons, meat. frozen",2018,8259,"",35845,""
"Norway","Salmons, meat. frozen",2019,9539.76,"",39405.68,""
"Norway","Salmons, meat. frozen",2020,11674.9,"",41399,""
"Norway","Salmons, meat. frozen",2021,11741.12,"",42991.57,""
"Norway","Salmons, meat. frozen",2022,0,"...",0,"..."
"Norway","Salmons, meat. frozen",2023,0,"...",0,"..."
"Norway","Salmons, meat. frozen",2024,0,"...",0,"..."
"Norway","Salmons, salted or in brine",1976,0,"...",0,"..."
"Norway","Salmons, salted or in brine",1977,0,"...",0,"..."
"Norway","Salmons, salted or in brine",1978,0,"...",0,"..."
"Norway","Salmons, salted or in brine",1979,0,"...",0,"..."
"Norway","Salmons, salted or in brine",1980,0,"...",9,""
"Norway","Salmons, salted or in brine",1981,1,"",12,""
"Norway","Salmons, salted or in brine",1982,0,"...",0,"N"
"Norway","Salmons, salted or in brine",1983,1,"",11,""
"Norway","Salmons, salted or in brine",1984,0,"...",5,""
"Norway","Salmons, salted or in brine",1985,1,"",17,""
"Norway","Salmons, salted or in brine",1986,6,"",86,""
"Norway","Salmons, salted or in brine",1987,0,"...",4,""
"Norway","Salmons, salted or in brine",1988,0,"...",0,"..."
"Norway","Salmons, salted or in brine",1989,0,"...",0,"..."
"Norway","Salmons, salted or in brine",1990,0,"...",0,"..."
"Norway","Salmons, salted or in brine",1991,0,"...",0,"..."
"Norway","Salmons, salted or in brine",1992,0,"...",0,"..."
"Norway","Salmons, salted or in brine",1993,0,"...",0,"..."
"Norway","Salmons, salted or in brine",1994,0,"...",0,"..."
"Norway","Salmons, salted or in brine",1995,0,"...",0,"..."
"Norway","Salmons, salted or in brine",1996,0,"...",0,"..."
"Norway","Salmons, salted or in brine",1997,0,"...",0,"..."
"Norway","Salmons, salted or in brine",1998,0,"...",0,"..."
"Norway","Salmons, salted or in brine",1999,0,"...",0,"..."
"Norway","Salmons, salted or in brine",2000,0,"...",0,"..."
"Norway","Salmons, salted or in brine",2001,0,"...",0,"..."
"Norway","Salmons, salted or in brine",2002,0,"...",0,"..."
"Norway","Salmons, salted or in brine",2003,0,"...",0,"..."
"Norway","Salmons, salted or in brine",2004,0,"...",0,"..."
"Norway","Salmons, salted or in brine",2005,0,"...",0,"..."
"Norway","Salmons, salted or in brine",2006,0,"...",0,"..."
"Norway","Salmons, salted or in brine",2007,0,"...",0,"..."
"Norway","Salmons, salted or in brine",2008,0,"...",0,"..."
"Norway","Salmons, salted or in brine",2009,0,"...",0,"..."
"Norway","Salmons, salted or in brine",2010,0,"...",0,"..."
"Norway","Salmons, salted or in brine",2011,0,"...",0,"..."
"Norway","Salmons, salted or in brine",2012,0,"...",0,"..."
"Norway","Salmons, salted or in brine",2013,0,"...",0,"..."
"Norway","Salmons, salted or in brine",2014,0,"...",0,"..."
"Norway","Salmons, salted or in brine",2015,0,"...",0,"..."
"Norway","Salmons, salted or in brine",2016,0,"...",0,"..."
"Norway","Salmons, salted or in brine",2017,0,"...",0,"..."
"Norway","Salmons, salted or in brine",2018,0,"...",0,"..."
"Norway","Salmons, salted or in brine",2019,0,"...",0,"..."
"Norway","Salmons, salted or in brine",2020,0,"...",0,"..."
"Norway","Salmons, salted or in brine",2021,0,"...",0,"..."
"Norway","Salmons, salted or in brine",2022,0,"...",0,"..."
"Norway","Salmons, salted or in brine",2023,0,"...",0,"..."
"Norway","Salmons, salted or in brine",2024,0,"...",0,"..."
"Norway","Salmons, smoked",1976,15,"",218,""
"Norway","Salmons, smoked",1977,23,"",331,""
"Norway","Salmons, smoked",1978,45,"",626,""
"Norway","Salmons, smoked",1979,71,"",1106,""
"Norway","Salmons, smoked",1980,70,"",1294,""
"Norway","Salmons, smoked",1981,99,"",1480,""
"Norway","Salmons, smoked",1982,95,"",1308,""
"Norway","Salmons, smoked",1983,157,"",2107,""
"Norway","Salmons, smoked",1984,281,"",3552,""
"Norway","Salmons, smoked",1985,467,"",6008,""
"Norway","Salmons, smoked",1986,897,"",12606,""
"Norway","Salmons, smoked",1987,983,"",15891,""
"Norway","Salmons, smoked",1988,686,"",11709,""
"Norway","Salmons, smoked",1989,1294,"",19615,""
"Norway","Salmons, smoked",1990,1853,"",29469,""
"Norway","Salmons, smoked",1991,1763,"",27399,""
"Norway","Salmons, smoked",1992,1602,"",25954,""
"Norway","Salmons, smoked",1993,1676,"",24231,""
"Norway","Salmons, smoked",1994,1964,"",27133,""
"Norway","Salmons, smoked",1995,1835,"",27186,""
"Norway","Salmons, smoked",1996,2113,"",28235,""
"Norway","Salmons, smoked",1997,2446,"",28465,""
"Norway","Salmons, smoked",1998,2677,"",29124,""
"Norway","Salmons, smoked",1999,3255,"",33853,""
"Norway","Salmons, smoked",2000,3359,"",34929,""
"Norway","Salmons, smoked",2001,3602,"",36661,""
"Norway","Salmons, smoked",2002,3689,"",37248,""
"Norway","Salmons, smoked",2003,3488,"",36977,""
"Norway","Salmons, smoked",2004,3896,"",42931,""
"Norway","Salmons, smoked",2005,3519,"",43183,""
"Norway","Salmons, smoked",2006,2329,"",31399,""
"Norway","Salmons, smoked",2007,2502,"",36304,""
"Norway","Salmons, smoked",2008,2286,"",35085,""
"Norway","Salmons, smoked",2009,1908,"",28717,""
"Norway","Salmons, smoked",2010,2181,"",36837,""
"Norway","Salmons, smoked",2011,2062,"",37863,""
"Norway","Salmons, smoked",2012,1984,"",30655,""
"Norway","Salmons, smoked",2013,1956,"",32591,""
"Norway","Salmons, smoked",2014,2191,"",38859,""
"Norway","Salmons, smoked",2015,2185,"",31780,""
"Norway","Salmons, smoked",2016,1956,"",34710,""
"Norway","Salmons, smoked",2017,2249,"",40994,""
"Norway","Salmons, smoked",2018,2478,"",43386,""
"Norway","Salmons, smoked",2019,2387.4,"",41016.49,""
"Norway","Salmons, smoked",2020,1412.85,"E",22609.85,""
"Norway","Salmons, smoked",2021,1686.72,"",29724.12,""
"Norway","Salmons, smoked",2022,2002.11,"",37239.39,""
"Norway","Salmons, smoked",2023,2029.48,"",36388.01,""
"Norway","Salmons, smoked",2024,1904.61,"",32208.92,""
